Date,Country,Urban Population,Population Growth,Population,Access to Electricity,GDP in $,Nitrous Oxyd Emission,Methan Oxyd Emission,CO2 Emission
2018,World,4196356648.0,1.1087738759336898,7594270356.0,,85804390603622.0,,,
2017,World,4116669665.0,1.14309258131439,7510990456.0,88.8486380586564,80891341462319.1,,,
2016,World,4036538900.0,1.16551280316151,7426103221.0,87.97685630996901,76102831192800.1,,,
2015,World,3956546394.0,1.1700435604061599,7340548192.0,86.7787067974692,75003074210656.5,,,
2014,World,3877658217.0,1.18104392200382,7255653881.0,85.587904357946,79296107902414.6,,,36138285.0
2013,World,3799949355.0,1.18481902825192,7170961674.0,85.1127312708165,77189608277384.9,,,35837591.0
2012,World,3723531164.0,1.18478340333657,7086993625.0,84.8093784205022,75045654452275.2,3153742.47904923,8014066.56168444,35470891.0
2011,World,3648339756.0,1.17094638950479,7004011262.0,82.1419309780048,73357420394392.0,3123551.39682461,7927060.64451536,34847501.0
2010,World,3574434195.0,1.20392634281666,6922947261.0,83.2514340619134,66036932045341.4,3084899.9,7815790.0,33472376.0
2009,World,3497913692.0,1.2238204470573402,6840591577.0,82.7217530432984,60340071198873.6,3068677.6,7774920.0,31891899.0
2008,World,3421841292.0,1.23977733493925,6757887172.0,82.1908046280566,63616066492489.3,3031989.1,7643170.0,32181592.0
2007,World,3346267002.0,1.2361521655540901,6675130418.0,82.1686059694742,57968741828029.4,3260053.0,7697440.0,31180501.0
2006,World,3273026502.0,1.2440545916063401,6593623202.0,81.1975382353132,51442676003488.1,3100186.0,7617940.0,30568112.0
2005,World,3200209755.0,1.2472515417976,6512602867.0,80.207096320197,47459060744747.3,2965813.4,7275910.0,29490014.0
2004,World,3128054896.0,1.25454612647114,6432374971.0,80.12441965828279,43811772234694.6,2907452.8,7088150.0,28393581.0
2003,World,3057172140.0,1.26167090781215,6352677699.0,79.86122678651171,38899897038562.5,2836658.1,6831780.0,27047792.0
2002,World,2987617002.0,1.2763984484973898,6273526441.0,79.2753015303861,34669304532580.9,2850332.2,6789740.0,25646998.0
2001,World,2919083083.0,1.2976398174744799,6194460444.0,78.022860762808,33382422263799.0,2785436.8,6591630.0,25276631.0
2000,World,2854279372.0,1.32262584850116,6115108363.0,78.43558411063191,33581571601703.8,2920510.0,6480650.0,24689911.0
1999,World,2793971265.0,1.3514046219320903,6035284135.0,79.4693411409445,32529370037527.9,2955561.7,6503140.0,24059187.0
1998,World,2734448158.0,1.3917552045824098,5954810550.0,78.4052417655323,31367309193548.1,3120987.0,6681100.0,24114192.0
1997,World,2675193465.0,1.4267887260837298,5873071768.0,78.23785600487071,31435985940809.5,3236772.0,7211170.0,23975007.348
1996,World,2616500742.0,1.45283779639726,5790454220.0,77.78312339639521,31549409160506.7,3011978.6,6551630.0,23571556.674000002
1995,World,2558434408.0,1.51100866842422,5707533023.0,77.6625686526656,30865108095791.8,2978718.7,6556730.0,23037524.13
1994,World,2499212205.0,1.51895772917553,5622575421.0,76.8835030581363,27753090818176.4,2955369.5,6617590.0,22551690.634
1993,World,2441829440.0,1.5596666337306002,5538448726.0,76.656890777458,25838198034038.6,2848968.2,6503170.0,22162174.56
1992,World,2384524997.0,1.56790037101351,5453393960.0,80.7362747192383,25425855198396.5,3076061.8,6846520.0,22183417.491
1991,World,2329303604.0,1.6637825949901,5369210095.0,78.8,23942384829866.4,2904557.4,6708550.0,22403928.869000003
1990,World,2271805636.0,1.74100291824301,5281340078.0,100.0,22603206098495.3,2953007.3,6668380.0,22149402.399
1989,World,2213986943.0,1.73788271179582,5190965222.0,,20068920934036.3,2840340.9,6429940.0,22029385.156
1988,World,2158076715.0,1.7695344431180802,5102293348.0,,19226665300870.3,2791221.4,6290090.0,21565403.313
1987,World,2102280624.0,1.7819446430804802,5013576387.0,,17186317201890.2,2928827.3,6463470.0,20817151.963
1986,World,2047492186.0,1.76949215525646,4925801334.0,,15109518321326.6,2747396.7,6198880.0,20315356.016
1985,World,1994247166.0,1.74810024565674,4840155168.0,,12786868776197.2,2695397.3,6039460.0,19719241.162
1984,World,1942866006.0,1.7459683688579,4756998073.0,,12172632270220.0,2693295.5,5987230.0,19145865.375
1983,World,1892827915.0,1.78326321518283,4675367633.0,,11739581031767.4,2778356.4,6140330.0,18484356.91
1982,World,1843755802.0,1.79921214102485,4593454253.0,,11507419044047.1,2803906.6,6289190.0,18562354.0
1981,World,1793989469.0,1.7646955166477298,4512268962.0,,11616548460676.7,2636112.9,5871770.0,18726246.898
1980,World,1744160437.0,1.7492424610815098,4434021975.0,,11219651208332.4,2732925.9,6011410.0,19324327.264000002
1979,World,1696272097.0,1.761936541137,4357793599.0,,9958993254911.54,2710503.6,5972760.0,19533547.949
1978,World,1649591499.0,1.7480285820097399,4282341460.0,,8570950836042.56,2552326.1,5795950.0,18497906.475
1977,World,1607128584.0,1.7497813222228602,4208770941.0,,7280008873683.09,2524965.5,5796380.0,18279804.316
1976,World,1568775073.0,1.78617223997206,4136393107.0,,6436618979871.82,2412556.4,5649430.0,17726098.317
1975,World,1531069677.0,1.8654877472526399,4063806523.0,,5916138399186.38,2329578.7,5503270.0,16745791.873
1974,World,1493862641.0,1.9464055181691202,3989385034.0,,5313811666230.22,2240345.2,5379140.0,16850822.087
1973,World,1454658623.0,1.9670963908383603,3913217944.0,,4607296495839.12,2291020.9,5421500.0,16822109.477
1972,World,1417793435.0,2.03171722023158,3837726171.0,,3780008408344.25,2245410.6,5360610.0,15957192.522
1971,World,1381757466.0,2.10742572232947,3761307048.0,,3277473529735.25,2089238.8,5145430.0,15323175.556
2018,Asia Pacific,1374879347.0,0.6057754241776079,2328220870.0,,25918289434655.4,,,
2017,Asia Pacific,1346786047.0,0.682526044480824,2314202003.0,97.8255563174976,23912261117830.8,,,
1970,World,1346396171.0,2.09078604802886,3683676306.0,,2967134190513.09,2225930.2,5305820.0,14788798.314000001
2016,Asia Pacific,1317541789.0,0.685904680767365,2298514046.0,97.2675691916024,22447570589125.6,,,
1969,World,1312016400.0,2.11400924966694,3608235815.0,,2702384325609.14,,,13797116.836
2015,Asia Pacific,1288407782.0,0.6780000887671779,2282855831.0,97.1132592105803,21747800265057.0,,,
1968,World,1277619590.0,2.03252283466928,3533536526.0,,2454039687169.93,,,13017193.607
2014,Asia Pacific,1259640281.0,0.6853907648303871,2267482299.0,96.72252175968529,21876509488557.4,,,14272114.6815449
1967,World,1245299535.0,2.0463823634599296,3463147267.0,,2274766100844.97,,,12389685.566
2013,Asia Pacific,1231051078.0,0.680784794799408,2252046977.0,96.62820424652658,21243898145787.0,,,14258139.274655402
1966,World,1213234123.0,2.1084067068122,3393699205.0,,2137443239818.92,,,12009447.002
2012,Asia Pacific,1202827293.0,0.6817358922798461,2236819053.0,96.44979938554572,21010207451844.7,951651.319520596,2694982.46466527,14109486.4296155
1965,World,1181637467.0,2.05495180073049,3323623700.0,,1970263431689.46,,,11433441.976
2011,Asia Pacific,1174751459.0,0.670106893635221,2221673110.0,96.12825880334671,19632602228096.1,929550.767505615,2631497.93871764,13753828.8306651
1964,World,1150660779.0,2.05296820726136,3256700083.0,,1809566507676.47,,,10947007.092
2010,Asia Pacific,1146373663.0,0.6763141956168249,2206884624.0,95.5638291248888,16935062447071.5,906938.157490632,2568023.15277,12584718.184775399
2009,Asia Pacific,1116140560.0,0.686240486879157,2192059415.0,95.1144022208439,14526067836583.6,914961.075164245,2581693.35481,11631078.2348174
1963,World,1114992152.0,2.0831226765429602,3191186048.0,,1651254441090.99,,,10355747.346
2008,Asia Pacific,1086071158.0,0.709301106988192,2177119142.0,95.29598616386428,14100855248279.8,843545.396117068,2438316.79794,11224859.741230698
1962,World,1080155477.0,1.72428742567341,3126066253.0,,1533428552164.23,,,9818839.874
2007,Asia Pacific,1055909270.0,0.700665634770644,2161785573.0,94.85810192934959,12209776362940.2,865453.11313458,2359554.58553,10634881.153433802
1961,World,1048277073.0,1.35413306303749,3073077563.0,,1428243252162.75,,,9434402.595
2006,Asia Pacific,1026344210.0,0.731870876553458,2146744075.0,94.7650585420169,10917624046693.7,961837.714473058,2565922.6930400003,10029012.4179611
1960,World,1018716856.0,3.04699316440046,3032019978.0,,1370773175299.13,,,9396705.835
2005,Asia Pacific,996426782.0,0.7415988136730359,2131146832.0,93.81805210806341,10294176822671.1,875222.741270807,2291621.37528,9373914.30299666
2004,Asia Pacific,966147698.0,0.755199017941322,2115458616.0,94.0639792812776,9647688135570.9,839895.714580963,2165409.33332,8716017.43856854
2003,Asia Pacific,936055652.0,0.78803938378023,2099602439.0,93.17869931100171,8602544831389.09,775009.4673380309,1983852.58097,7900304.85077778
2002,Asia Pacific,906126769.0,0.836145748924906,2083186112.0,92.95563834726231,7825085614731.88,828090.100170105,2052437.48312,7132996.3231742
2001,Asia Pacific,876209820.0,0.89234220556898,2065912076.0,93.56486673104321,7702594292620.73,799884.302694467,1898798.53939,6681613.48013782
2000,Asia Pacific,848148025.0,0.936082736555505,2047640119.0,93.0969820235407,8281309000052.6,773329.6762466,1821939.89908,6547512.56528968
1999,Asia Pacific,823921905.0,0.992917334533146,2028650274.0,92.7798209519828,7655807408380.83,799496.486782333,1873672.16218,6313362.34652766
1998,Asia Pacific,800178870.0,1.07632262379475,2008705489.0,92.2555605698515,6856985467434.18,851863.522806127,1961985.43376,6184239.13673583
1997,Asia Pacific,776355965.0,1.12811222750445,1987315562.0,92.19697927383508,7647524374400.17,1044260.4070941999,2593521.5467,6523428.28242819
1996,Asia Pacific,752839243.0,1.1694130528076698,1965146504.0,91.62676778031108,7992328893743.43,775584.394458588,1882973.21743,6413087.36897593
1995,Asia Pacific,729384273.0,1.2020536704781202,1942431457.0,90.95925677430608,8296083785441.65,772509.8196714859,1891603.1059400002,6122092.977311499
1994,Asia Pacific,706331364.0,1.2375247997383798,1919359723.0,89.9602155849798,7301176579946.07,793472.097927018,1989736.74483,5758134.25389388
1993,Asia Pacific,683765391.0,1.2505757529208,1895897521.0,88.77219778833941,6529005124704.31,716330.068255809,1840629.9565400002,5447899.73718718
1992,Asia Pacific,661920340.0,1.31253391272456,1872480731.0,91.0272735696793,5837716046226.37,796572.222555512,2016171.3444599998,5156986.82439685
1991,Asia Pacific,640395173.0,1.4284432690383997,1848222188.0,88.7022942090775,5343085731008.26,769824.748867852,2008460.74198,4912997.30841039
1990,Asia Pacific,618773331.0,1.50594248600784,1822193192.0,94.04778099226759,4732335225532.58,695526.84522724,1835031.0587900002,4703785.13167394
1989,Asia Pacific,597931847.0,1.56891321657045,1795159128.0,,4531271742927.52,621975.625574998,1730910.5572400002,4559018.58064161
1988,Asia Pacific,577402435.0,1.63064855390984,1767429690.0,,4351569576481.54,629015.158490014,1710169.61265,4421226.09811271
1987,Asia Pacific,557248598.0,1.6412554587532198,1739071545.0,,3616694140444.28,698078.433635058,1881576.2670599998,4093944.87805174
1986,Asia Pacific,537641932.0,1.58493279142166,1710989831.0,,3079846933950.54,609607.772020532,1748192.1126700002,3913007.9855406
1985,Asia Pacific,518997865.0,1.51667781231919,1684294889.0,,2356153018861.55,572951.6757452961,1661511.54865,3782659.9415098
2018,Latin America,516796961.0,0.9419670915415709,641357515.0,,5787292630122.98,,,
2017,Latin America,510454639.0,0.974580185108564,635372515.0,98.1257577150449,5970989904971.93,,,
2016,Latin America,504002302.0,1.0038801303271,629240066.0,97.5682101794663,5387475015449.07,,,
1984,Asia Pacific,501415053.0,1.5044769750401101,1659131214.0,,2232501979109.45,569782.059134824,1651366.9457959998,3613904.52075002
2015,Latin America,497450713.0,1.0324712133345602,622986033.0,97.3261873059236,5517742948141.7,,,
2014,Latin America,490801017.0,1.06001238606265,616619613.0,97.03610622638821,6416225701699.74,,,1912531.50401786
1983,Asia Pacific,484360430.0,1.60761663365075,1634539937.0,,2084048804226.94,627646.099954282,1766201.0500110001,3379308.41184069
2013,Latin America,484067485.0,1.08778328846432,610151927.0,96.9332121677128,6294625532171.87,,,1874741.57657565
2012,Latin America,477257549.0,1.10894352328313,603586217.0,96.59112964114121,6143036728395.19,432323.79788877396,991163.4119898,1847427.22022797
2011,Latin America,470401391.0,1.12872553083072,596966199.0,96.23333790414041,6080012753550.91,427036.78057123703,979241.5857399,1768915.68527039
1982,Asia Pacific,467484920.0,1.63564711195407,1608678553.0,,1957988285914.51,666488.2049168879,1932387.4649220002,3279927.00974151
2010,Latin America,463516547.0,1.1232953809086001,590303295.0,95.89768742328381,5347162175796.48,421749.76325370005,948748.2294899999,1732851.36795638
2009,Latin America,456756147.0,1.16024742109224,583746102.0,95.4123123222365,4312105501412.17,401814.34858309996,943339.25872,1645895.05116335
2008,Latin America,449897159.0,1.1811214275153898,577050884.0,95.2240422285513,4588436486040.13,404029.31766359997,931051.02847,1681713.72916438
1981,Asia Pacific,449462507.0,1.5132863923769098,1582789699.0,,1998159987915.9,510791.985059594,1600263.6030920001,3161341.91927784
2007,Latin America,443004625.0,1.20552748728149,570314774.0,94.52504817264999,3947928508462.87,400261.8383209,918176.6188299999,1600704.86119156
2006,Latin America,436073028.0,1.23404616872804,563521369.0,94.26419470972169,3350771445882.55,390349.7073144,907165.6523,1572705.70132022
2018,Africa,433229303.0,2.68083126790228,1078306520.0,,1699461795349.79,,,
1980,Asia Pacific,432370383.0,1.4813269746974498,1559194619.0,,1812588096947.17,545851.569932968,1649089.510217,3193797.44890909
2005,Latin America,429102172.0,1.26369721364978,556652026.0,93.5802299705398,2858100756633.53,449814.48338988,1003512.9792200001,1526838.14233386
2004,Latin America,422094543.0,1.2937041082493899,549705414.0,93.23461365629801,2363958082179.67,438841.49919416,988750.4555299999,1449766.94698418
2017,Africa,416329874.0,2.7018497703718705,1050153672.0,44.586099570404905,1679945005255.79,,,
1979,Asia Pacific,416243797.0,1.53365082309716,1536434993.0,,1677237851815.55,512921.46470595204,1630931.59268,3203041.88596941
2003,Latin America,415039901.0,1.32830065564585,542684680.0,92.75859868158199,2051191419284.12,414058.75515692,918128.74549,1440172.12654708
2002,Latin America,407883520.0,1.36922894038484,535570691.0,92.62485204114121,2007714754373.6,385625.46827012,873030.85339,1405749.12646068
1978,Asia Pacific,400698667.0,1.5282579287088098,1513227369.0,,1544651627275.45,483155.282442106,1613134.733945,3081138.27963793
2001,Latin America,400635740.0,1.4150914268463701,528336554.0,91.9764414270975,2237512350937.42,380295.5106983,848007.0640199999,1389064.26221726
2016,Africa,399973167.0,2.7191554040890895,1022526541.0,44.80871483429521,1545944112397.67,,,
2000,Latin America,393174484.0,1.46493091281701,520964431.0,91.30993978610209,2286930519732.8,375036.92174467,827160.26998,1357198.14407046
1977,Asia Pacific,388805107.0,1.5590712834689702,1490449457.0,,1223807642026.92,486615.379629778,1663852.0237760001,2903579.16220653
1999,Latin America,385191570.0,1.51618998281029,513442848.0,90.8100945159849,2073279888299.07,385569.93373242,844085.14315,1365147.92547218
2015,Africa,384158105.0,2.7347565250403796,995458478.0,39.3996950582483,1661740323494.26,,,
1976,Asia Pacific,380068913.0,1.67732771502642,1467569010.0,,1026636623171.61,424977.022312096,1562340.896386,2701949.69363129
1998,Latin America,377146578.0,1.5698005176788101,505774348.0,90.1611702295875,2297915055244.36,416763.40453247,880256.88819,1340747.7537167
1975,Asia Pacific,371228379.0,1.91361977354052,1443359147.0,,933855748726.9641,396653.077997608,1519492.546811,2570142.39150683
1997,Latin America,368974524.0,1.60723107548897,497957410.0,89.47929677096501,2277266787746.16,367403.22835656,825944.73146,1262083.62464046
2014,Africa,368874311.0,2.7484186876399703,968959787.0,38.2528959773689,1827031487774.01,,,822819.0340742429
1974,Asia Pacific,362344127.0,2.1691603591260002,1416257366.0,,852923019058.2859,381371.94856805,1487481.489938,2434009.16691184
1996,Latin America,360813704.0,1.6447212192582699,490080681.0,89.0298450183992,2077237385814.28,363947.48232926,815487.7616600001,1196088.52922126
2013,Africa,354122414.0,2.75834728026459,943041070.0,38.3525618120957,1739513778367.17,,,784109.182285252
1995,Latin America,352730571.0,1.67805448453046,482150647.0,88.0285090446283,1919636489927.56,361353.77989407,810102.70288,1140823.40560974
1973,Asia Pacific,350710459.0,2.2312140501730697,1386188710.0,,740847314440.857,415587.492376084,1536218.3148120001,2412761.03573594
1994,Latin America,344598113.0,1.71466098328223,474193423.0,89.62767337845501,1800205595450.76,346296.20907307,772893.10044,1129594.71156058
1972,Asia Pacific,340867239.0,2.40544918608173,1355934900.0,,562046587327.059,417740.070008548,1566962.392707,2264146.33962921
2012,Africa,339900644.0,2.76366460926948,917726973.0,37.3495338132104,1635765918245.35,557857.49991114,851188.316394,767551.980068843
1993,Latin America,336494457.0,1.75132728499338,466199679.0,88.78037201833558,1575484838602.26,371090.03279086,801597.13465,1089708.09766438
1971,Asia Pacific,331494525.0,2.61167600718292,1324084715.0,,452777589749.766,355243.981444586,1460523.382614,2127031.63433671
1992,Latin America,328470594.0,1.78843999894652,458175526.0,88.1677155774552,1369927204648.79,353724.92265817,775294.28324,1051596.78607558
2011,Africa,326174892.0,2.7641394747000403,893046172.0,35.5713568454279,1552537242838.54,552956.50645907,844540.145047,757777.9736951779
1970,Asia Pacific,321982682.0,2.61871555620496,1290384064.0,,407459534509.48206,377661.19992278796,1473797.705044,1971531.75854444
1991,Latin America,320447865.0,1.8289286649752199,450125305.0,100.0,1449485344516.14,343462.55716893,753186.50268,1031335.26456295
2010,Africa,312834987.0,2.7635248518671,869025106.0,33.5559157254884,1369735391918.67,548055.513007,837891.9137,746611.911868295
1969,Asia Pacific,312790299.0,2.6886727274636297,1257454897.0,,345296836101.877,,,1608550.07805351
1990,Latin America,312378954.0,1.87009124410706,442040696.0,100.0,1178166874370.62,345935.58992482,758513.0056800001,1012610.84966029
1989,Latin America,304214003.0,1.90818994190801,433925886.0,,1006296671041.03,334213.3308869,739010.6074699999,1051772.86254728
1968,Asia Pacific,303270997.0,2.4480943958296297,1224531259.0,,299760122004.444,,,1376913.79181703
2009,Africa,300021875.0,2.75957012786571,845655214.0,33.34395872255,1148078019919.25,552462.901024,847350.0328,743994.403343226
2018,North America,299348798.0,0.701862096885051,364290258.0,,22213254904898.5,,,
2017,North America,296598607.0,0.697539651615969,361751263.0,100.0,21138584471481.7,,,
1988,Latin America,296063622.0,1.94920920028548,425800798.0,,921828566820.827,329902.17390287,725335.6567899999,993454.141778767
1967,Asia Pacific,295557273.0,2.4575610861791404,1195269923.0,,272057157235.571,,,1241556.91114791
2016,North America,293894230.0,0.7670353455190909,359245384.0,100.0,20239948343915.9,,,
2018,Middle East,293463198.0,1.7354185083728602,448912859.0,,3616868655711.47,,,
2015,North America,291030813.0,0.740860845361979,356510820.0,100.0,19778113935832.2,,,
2014,North America,288277522.0,0.764028925932919,353888995.0,100.0,19329008738304.3,,,5792048.502
1966,Asia Pacific,287947392.0,2.63119423203545,1166600015.0,,251083324930.35602,,,1230384.45503114
1987,Latin America,287945998.0,1.99345386522248,417659736.0,,817561849917.264,343844.15140419,736016.37023,970270.3194756809
2008,Africa,287747756.0,2.7514905965529297,822945457.0,33.7122633317377,1209764859134.98,579087.350937,860949.2321,754971.6491378909
2017,Middle East,287047910.0,1.76606317489384,441255234.0,97.7567835411133,3275008659269.25,,,
2013,North America,285496412.0,0.73208670444069,351205682.0,100.0,18632441320853.1,,,5676780.024
2012,North America,282842503.0,0.77152058008619,348653238.0,100.0,18026511572523.6,322312.380244984,606687.079302027,5637370.775
2016,Middle East,280622420.0,1.8260823066890202,433597626.0,97.5696509905951,3149687655679.88,,,
1965,Asia Pacific,280611008.0,2.3848617481919,1136691455.0,,224579636903.702,,,1134631.20721679
2011,North America,280117707.0,0.753591265326477,345983901.0,100.0,17337272540202.8,330042.16963549197,620667.141101014,5827237.034
1986,Latin America,279874029.0,2.03951493117836,409496610.0,,774460413571.5,314537.20568842,699669.24917,923999.444716975
2010,North America,277436526.0,0.860596207445766,343396098.0,100.0,16611339953589.4,337112.279026,629268.3529,5930811.449
2007,Africa,275977884.0,2.73763755106971,800908534.0,38.8546943663325,1055254020414.74,769800.059814,1056781.9643,721088.427042521
2009,North America,274499918.0,0.9068302764668911,340466060.0,100.0,15825892407986.4,337770.770052,632553.879,5800746.626
2015,Middle East,274105309.0,1.88775289559977,425821770.0,97.43137669120141,3146224148913.01,,,
1964,Asia Pacific,274098468.0,2.34311490383774,1110214377.0,,201633565228.63898,,,1046001.61295184
1985,Latin America,271836281.0,2.08733463072439,401311796.0,,768852209952.423,303561.76659712,684377.0406300001,890060.02673428
2008,North America,271462240.0,0.9639079681345492,337406357.0,100.0,16268085220997.2,338259.291395,655677.4193,6175789.051
2007,North America,268301627.0,0.9575110399099029,334185120.0,100.0,15922730888205.8,348396.813125,650999.9614,6344115.352000001
2014,Middle East,267476927.0,1.9401944603478798,417932242.0,96.2096254009235,3569443658321.09,,,2593273.8930242998
2006,Africa,265359797.0,2.7199193170000298,779566820.0,32.265084024416105,909081981434.4641,525412.364295,817666.9352,695990.703858024
2006,North America,265190165.0,0.9734180763167191,331015609.0,100.0,15135440910461.2,348678.498097,648751.7162,6241758.381
1984,Latin America,263825309.0,2.1330218846978797,393106351.0,,746420837980.004,294608.70368395,671443.58145,865058.696124236
2018,Europe,263144784.0,0.18138148907826201,341783171.0,,13675599697568.1,,,
1963,Asia Pacific,262672374.0,2.43409680554598,1084796352.0,,175497305283.124,,,991794.6224782859
2005,North America,262099001.0,0.928178273300475,327824506.0,100.0,14210866344864.7,359893.311057,646943.3213,6347727.347
2017,Europe,261911604.0,0.16071955367667098,341164362.0,100.0,12639380729565.5,,,
2013,Middle East,261050633.0,1.9910866472757598,409977874.0,97.21012129158359,3553668416591.58,,,2445353.6180000002
2016,Europe,260756917.0,0.31909961254659397,340616924.0,100.0,11981439102404.6,,,
2015,Europe,259198842.0,0.315310310624611,339533474.0,100.0,11684180189186.4,,,
2004,North America,259163359.0,0.930473824664759,324809693.0,100.0,13241410621714.1,366905.782214,658640.9943,6308857.147000001
2014,Europe,257668061.0,0.345133325624914,338466255.0,100.0,13499117646931.9,,,2191542.213
2003,North America,256244701.0,0.867299091099042,321815286.0,100.0,12354812816817.7,363375.646395,662416.5822,6229363.921
2013,Europe,256110532.0,0.33999337825636605,337302113.0,100.0,13202692493055.8,,,2308651.525
1983,Latin America,255888839.0,2.1719364568643598,384896426.0,,739244129762.9391,307816.04287961,689776.51233,859240.191099891
2005,Africa,254841261.0,2.6984949746932996,758924681.0,29.867366631715104,764713213465.115,393479.220852,685180.9223,663129.309701719
2012,Middle East,254611631.0,2.0382798718257202,401974219.0,96.47644670596371,3575615120555.34,96185.9134564717,476559.404985406,2468881.09
2012,Europe,254552159.0,0.22048529817320198,336159194.0,100.0,12651386953652.8,175870.287453388,308804.682412662,2352138.478
2002,North America,253516142.0,0.947888188691621,319048184.0,100.0,11698306960646.5,358998.606386,657823.2319,6161201.725
2011,Europe,253272096.0,-0.21771018297378897,335419643.0,100.0,13630795393394.0,178147.80817669397,313613.166056331,2402097.6859999998
2010,Europe,253060543.0,0.23574275461876898,336151479.0,100.0,12651387614510.3,181649.2492,317055.19,2496137.901
2009,Europe,251691335.0,0.32493183563309497,335360890.0,100.0,12915145836358.7,196502.74792,317961.48600000003,2443076.411
1962,Asia Pacific,251514437.0,1.38569350654319,1059018809.0,,157269806179.996,,,948555.1622953641
2001,North America,250612588.0,1.0042463523390202,316052361.0,100.0,11321881659892.6,357281.484983,654490.8384,6124249.366
2008,Europe,250114873.0,0.48987935838478297,334274725.0,100.0,14124882309427.2,200047.84623,317568.17,2642509.873
2011,Middle East,248192942.0,2.07988312829843,393944527.0,96.12780436931949,3282325618009.2,94797.20534323581,469446.36914270296,2297742.2
2007,Europe,248142077.0,0.520476696453812,332645165.0,100.0,12881558619442.0,206497.46629,321012.439,2704749.8639999996
1982,Latin America,248048678.0,2.2008651906509704,376714428.0,,838671751679.881,309013.71575303,688820.6768100001,895502.543909963
2000,North America,247519374.0,1.1009288191018,312909974.0,100.0,10998121151318.6,370464.357247,658805.5171,6228582.85
2006,Europe,246100105.0,0.468264632745303,330922789.0,100.0,11185953973661.5,209336.64035,322608.419,2752365.8589999997
2004,Africa,244719384.0,2.6770337751279,738983255.0,30.886602010265,644304487627.321,373649.635612,664668.056,690781.602733878
2005,Europe,244169604.0,0.518157659958092,329380417.0,100.0,10535354545600.8,217967.59308000002,326534.541,2750877.057
1999,North America,243831291.0,1.12146035191492,309502571.0,100.0,10310072635807.7,390930.061495,673069.0423,6020572.275
1961,Asia Pacific,242575445.0,0.344540187512237,1044544622.0,,153709302349.40698,,,1041180.50508214
2004,Europe,242114378.0,0.551279035754987,327682505.0,100.0,10151027906176.7,219254.48926,330208.618,2767041.193
2010,Middle East,241803108.0,2.12602098761035,385917886.0,95.8036822332665,2768122882414.01,93408.49723,462334.487,2271079.443
1981,Latin America,240291028.0,2.2213851354787,368601995.0,,898983453972.667,300487.13316242,667801.31407,872563.5624896091
1998,North America,240006391.0,1.1389305940919299,306070116.0,100.0,9697762238406.81,411586.67468600004,692751.6326,5908065.0479999995
2003,Europe,239986941.0,0.543193574969408,325885964.0,100.0,8850827901132.02,220405.9483,335580.05100000004,2741595.88
2002,Europe,237878107.0,0.48906290419388704,324125336.0,100.0,7174014361860.81,222289.41715999998,340219.87799999997,2701885.937
1997,North America,236183090.0,1.1900776657941101,302623445.0,100.0,9233311210265.78,418339.524873,687839.5834,5864534.091
2001,Europe,235934885.0,0.38501134560399897,322547874.0,100.0,6592352067950.52,223703.23478000003,347076.291,2702325.977
2009,Middle East,235187474.0,2.17961984715878,377883993.0,95.2543986077989,2368422381889.97,89980.53117999999,443887.18700000003,2184057.866
2003,Africa,235096238.0,2.6602399142733,719716209.0,31.159256348169603,517212827881.005,367531.032281,646904.3277,625891.826328114
1960,Asia Pacific,234977306.0,2.815232698249,1040958103.0,,153259252512.441,,,1210071.82510335
2000,Europe,234371053.0,0.328450827305346,321310791.0,100.0,6484573532448.5,237070.72804000002,352961.295,2637002.039
1999,Europe,233000247.0,0.258243345750998,320258898.0,100.0,7116772457710.09,243601.47230999998,356930.81899999996,2618685.374
1980,Latin America,232587418.0,2.23929814557005,360591861.0,,779588642794.659,308880.83849228,674769.50224,881401.1382591521
1996,North America,232288316.0,1.15826320517857,299064347.0,100.0,8704363777972.13,422721.065338,696626.9665,5732060.049
1998,Europe,231837254.0,0.21088445357508998,319433981.0,100.0,7149352017482.07,258914.39599000002,362181.11600000004,2648245.0609999998
1997,Europe,230802308.0,0.23859742336090098,318761762.0,100.0,6956703610586.5,283016.52244000003,367650.585,2600981.098
1996,Europe,229700813.0,0.259021139218717,318003015.0,100.0,7608600706357.79,279779.86916999996,371658.88200000004,2634270.124
2008,Middle East,228610587.0,2.1811219973182903,369823252.0,95.1531685018564,2648080083193.21,93661.84845,439231.726,2086820.0269999998
1995,Europe,228549321.0,0.25750775810755,317181448.0,100.0,7517783242200.44,275357.38375,359600.16,2567956.096
1995,North America,228538710.0,1.1821491108285,295640057.0,100.0,8245811373385.4,425435.253815,714152.1052,5601089.477000001
1994,Europe,227399932.0,0.29091222733212896,316366779.0,100.0,6509747580056.97,273327.33232,362037.38399999996,2513970.522
1993,Europe,226165011.0,0.40967423252620006,315449099.0,100.0,6162113917507.5,263853.3721,367619.416,2526548.332
2002,Africa,225886053.0,2.6517220939262,701066167.0,29.179969873604602,412465897700.99396,377331.26179699996,649258.6359,571035.215555922
1979,Latin America,225002531.0,2.2557462685258303,352693991.0,,647306451890.903,295949.36094683,644979.54715,838732.1014139559
1994,North America,224788006.0,1.2205627250581002,292185983.0,100.0,7867242439501.61,423953.25761599996,719746.8384,5551735.324
1992,Europe,224726427.0,0.46494504874362996,314162058.0,100.0,6726742780089.63,270492.46075,376930.26399999997,2580075.531
1991,Europe,223220677.0,0.464414631160224,312708137.0,100.0,6098788978230.53,282237.26335,386794.906,2648355.74202849
2007,Middle East,222207051.0,2.1525881969384,361929136.0,94.2570498563088,2123656501279.28,94451.89306,424225.083,1928295.6169999999
1990,Europe,221681277.0,0.45991707810585997,311262588.0,100.0,5871571762095.75,283293.63485,392976.18,218597.204
1993,North America,220996624.0,1.30510445568157,288662674.0,100.0,7437550121892.44,394293.278558,706494.3629,5474794.33
1989,Europe,220211027.0,0.42821668066974894,309837592.0,,4665534944904.77,293325.59786,391944.45,226671.938
1988,Europe,218940388.0,0.334348558656146,308516473.0,,4567521859474.51,294687.75646,387689.211,199033.759
1987,Europe,217721472.0,0.27646433477612203,307488390.0,,4153063175251.52,298102.12622,390996.00399999996,190878.35100000002
1978,Latin America,217600018.0,2.2754017569247798,344913615.0,,542951074061.68396,283829.74540466,626011.03892,783435.829096862
1992,North America,217071868.0,1.37557037172542,284943859.0,100.0,7114394589284.92,385494.225073,706618.8345,5350974.408
2001,Africa,217045674.0,2.64959540283962,682956070.0,28.211914340233303,378359733583.336,392467.75926900003,663278.6595,573267.68746627
1986,Europe,216603493.0,0.24941698353866604,306640638.0,,3357838291838.19,298194.86086,397621.499,190467.647
2006,Middle East,216006638.0,2.09566655347948,354302463.0,95.59132598470758,1791193599349.88,91788.0178,418018.42100000003,1941947.858
1985,Europe,215791198.0,0.18951675113495997,305877727.0,,2392628694168.01,300869.53714000003,398309.775,201233.95899999997
1984,Europe,215221599.0,0.16786810868252602,305299134.0,,2328909303034.65,301401.97237,395170.434,198953.085
1983,Europe,214652134.0,0.201612404784839,304787493.0,,2427979491829.1,293881.97686999995,392955.68799999997,204867.956
1982,Europe,213887984.0,0.273981806115373,304174240.0,,2488863293583.92,290425.75525,394506.31,209906.414
1991,North America,213050439.0,1.3353753984195,281077441.0,100.0,6770092083611.19,378642.583404,708821.2707,5248166.396000001
1981,Europe,212831306.0,0.38350942403579297,303343135.0,,2570726515718.05,296106.15433,397275.49700000003,207288.176
1980,Europe,211297243.0,0.431305506604843,302184230.0,,2957969373274.26,301534.82256,398555.895,215003.544
1977,Latin America,210352093.0,2.29711406214832,337240049.0,,478237747719.78705,268117.21054422,600258.08468,727231.229699832
2005,Middle East,210036919.0,2.02455533757532,347029874.0,93.4349448305649,1530292026599.53,89590.98952,402199.249,1833500.0
1979,Europe,209667686.0,0.411699779765144,300886490.0,,2641054833759.96,308357.67766,397092.922,203745.854
1990,North America,209231872.0,1.1740972946281398,277373464.0,100.0,6558665950908.47,377941.399147,714823.5812,5259086.722
2000,Africa,208604477.0,2.65051448502105,665327581.0,26.044091010116603,396810544343.938,377534.669475,645133.735,564526.615857096
1978,Europe,208082003.0,0.40576582013824203,299652820.0,,2180286679717.84,303161.11139000003,390953.277,200493.225
1977,Europe,206512117.0,0.400442353997832,298441845.0,,1780493928969.08,292946.48708,387337.97,195663.78600000002
1989,North America,206276409.0,1.0339183222037902,274154622.0,,6208137243275.24,432174.872985,714003.6998,5419136.603999999
1976,Europe,204966410.0,0.44876357532734795,297251524.0,,1565338413159.44,290194.53896,382060.15,198443.372
2004,Middle East,204420062.0,1.9587919777135199,340143481.0,92.39140157966,1271305394517.72,88039.25568999999,384455.786,1747453.845
1988,North America,203797727.0,0.950783584942272,271349094.0,,5745207451214.25,406488.053722,696462.875,5349225.249
1975,Europe,203392781.0,0.517766988007523,295923527.0,,1499896046642.12,289775.48096,377345.38899999997,181644.845
1976,Latin America,203267735.0,2.3249535657843996,329667217.0,,435125044340.445,284368.71110117,621694.12234,695391.387426498
1974,Europe,201599083.0,0.570833560250293,294399225.0,,1293479528389.8,298174.17176999996,376315.344,173152.073
1987,North America,201510529.0,0.939871492300924,268793450.0,,5287828242049.45,398451.710442,679067.0462,5120294.438999999
1999,Africa,200883919.0,2.6524616090991096,648148316.0,29.904545275914696,372308147165.275,363263.354847,615109.3559,523849.71887700004
1973,Europe,199574711.0,0.637263972812747,292728234.0,,1140551985188.26,292509.73241999996,371431.019,155367.12300000002
1986,North America,199269494.0,0.9353414482635001,266290660.0,,4958242427343.98,395285.00535500003,672132.8011,4900938.166
2003,Middle East,199218951.0,1.9081390605780801,333608779.0,91.86267540101791,1089041747053.17,83950.08227,368705.601,1615889.219
1972,Europe,197403261.0,0.675326008531954,290874595.0,,878564933796.335,278624.83056,367922.715,145026.18300000002
1985,North America,197027492.0,0.892788101300496,263823014.0,,4704774999482.75,403660.016381,675568.9878,4915085.452
1975,Latin America,196339867.0,2.35178319517641,322176757.0,,391671560201.435,261628.48092297,582454.1161699999,663905.197090024
1971,Europe,195114378.0,0.551465639809322,288923420.0,,727250878322.0391,271393.11894,367594.398,128682.364
1984,North America,194889455.0,0.8773027913138799,261488476.0,,4393971258071.62,409096.752237,678799.4363,4901231.526000001
2002,Middle East,194266427.0,1.88767404415167,327362252.0,90.72754459414641,966794595638.065,84186.08093,344363.179,1515868.1269999999
1998,Africa,193440991.0,2.65769755825376,631400656.0,28.2973114154202,368923301966.081,375769.369825,627784.0455,519714.277543901
1970,Europe,192924096.0,0.5459498359914079,287338845.0,,641661352571.282,267254.12356,370604.73,116929.629
1983,North America,192802947.0,0.9258773613588009,259214381.0,,3975475111781.89,394949.921736,660584.0723,4751016.538
1969,Europe,190705184.0,0.6736365907950699,285778637.0,,572667208434.026,,,96882.14
1982,North America,190641337.0,0.9811341244223121,256836391.0,,3658081025119.14,386509.091386,674978.9669,4721955.563
1974,Latin America,189562190.0,2.37798794698023,314773956.0,,374033795340.455,245092.02598150002,555924.8577,651795.410241531
2001,Middle East,189474459.0,1.8934029651352098,321297208.0,90.54756108461059,970588701268.5441,82227.46435,335936.04799999995,1496924.405
1981,North America,188399131.0,1.01099092236167,254340965.0,,3513995963656.99,429997.832854,686864.0682,4966192.431
1968,Europe,188236267.0,0.670813648320575,283866409.0,,518385655080.567,,,97157.165
1997,Africa,186236499.0,2.66857817435712,615054371.0,27.9674196211311,382330961343.94104,375756.934733,615241.24,532827.7360952339
1980,North America,186155130.0,0.996746849781729,251795337.0,,3131774126345.01,432510.72782200004,686534.0306,5166880.007
1967,Europe,185581869.0,0.7164517190900741,281974883.0,,483555287610.93604,,,86519.198
2000,Middle East,184767866.0,1.9034779066523302,315326801.0,90.19634201317551,966940531199.356,85310.6081,337183.81700000004,1473033.9
1979,North America,184203265.0,1.0983459841127,249310344.0,,2870923302185.42,440730.558397,673245.2242,5344326.137
1973,Latin America,182943633.0,2.4059896798355003,307462534.0,,287801878039.306,229490.6250993,531346.11885,616084.009922567
1966,Europe,182738464.0,0.8348910535179499,279969040.0,,445145127213.125,,,77729.399
1978,North America,182170788.0,1.0587569061383701,246601803.0,,2570707667449.81,412597.703819,644041.9584,5307183.094
1977,North America,180233292.0,1.02685081347529,244018243.0,,2293885156934.65,406298.783408,649217.6596,5150899.221
1999,Middle East,180164193.0,1.90849947046148,309436741.0,96.7214889526367,866753216731.7579,86918.35955,320368.30100000004,1353489.7
1965,Europe,179694856.0,0.9040337913851891,277650957.0,,408215217814.03204,,,71117.798
1996,Africa,179183259.0,2.68326399937624,599067779.0,27.649303719421898,367775706181.72296,385157.390946,618830.2013,511091.678739255
1976,North America,178369631.0,0.990400209224205,241538008.0,,2080373864401.62,400030.248608,657349.7867,5012888.009
1975,North America,176622456.0,1.03664836396828,239169275.0,,1859083029787.65,380530.441523,654641.948,4803931.348
1964,Europe,176562532.0,0.919845784226567,275163387.0,,374098342452.394,,,64410.855
1972,Latin America,176460910.0,2.43653860197486,300238819.0,,219740143990.978,239382.04226539997,537934.61,564421.0459252179
1998,Middle East,175668732.0,1.93023451194756,303641740.0,96.09275500000001,809324954316.0841,88241.30811,310888.941,1267747.906
1974,North America,174814604.0,0.964277187047614,236715369.0,,1705964297648.26,375858.251785,654702.8776,4988902.162
1963,Europe,173439820.0,0.9423277451025459,272655378.0,,336351025948.426,,,58822.347
1973,North America,173148992.0,0.984591964506421,234454577.0,,1556967359214.08,376650.024676,656679.336,5152241.343
1995,Africa,172359341.0,2.70058245855338,583413261.0,100.0,356222737428.803,414841.40269200003,638824.4212,500758.62881921796
1972,North America,171465521.0,1.0845770997848,232168663.0,,1392428220992.02,357768.590556,652288.95,4946342.96
1997,Middle East,171273206.0,2.00333048235413,297891731.0,96.2440185546875,832628504235.547,85883.26707,305369.669,1153542.858
1962,Europe,170318133.0,0.930029429928993,270110056.0,,299820176697.464,,,60054.459
1971,Latin America,170063111.0,2.47187080125109,293097388.0,,195615117884.728,217191.02966847,505250.52372,537867.369444954
1971,North America,169631002.0,1.4338284068877598,229677632.0,,1264333061477.52,349879.934407,647667.3561,4709608.774
1961,Europe,167440680.0,0.911437082980825,267621101.0,,270172398741.054,,,53677.545999999995
1970,North America,167109832.0,1.19414191161027,226431000.0,,1161385395224.42,340006.53438200004,661570.4698,4670617.563
1996,Middle East,166923263.0,2.07769314182586,292041181.0,96.093624,802281807818.04,85088.14528,292895.697,1187235.82051655
1994,Africa,165682794.0,2.7217164202717,568072008.0,100.0,310652448774.628,389809.958738,604583.3811,466742.12481875205
1960,Europe,164665919.0,2.4363713438756203,265203934.0,,245447359429.401,,,48928.780999999995
1969,North America,164487979.0,1.01849636348041,223759000.0,,1100414094243.72,,,4332347.813999999
1970,Latin America,163794806.0,2.50495154029775,286027166.0,,175071035102.951,244931.82732552,542609.9226800001,510025.655384126
1995,Middle East,162593631.0,2.77026419153059,286096964.0,95.7805023193359,708644708098.4979,86949.84935,283766.432,1186766.28331436
1968,North America,162004081.0,1.06170383618644,221503000.0,,1015569560567.08,,,4135118.2189999996
1967,North America,159477276.0,1.1617334151823702,219176000.0,,928520035935.36,,,3977818.587
1993,Africa,159086059.0,2.74481930693354,553020362.0,100.0,315308704270.542,358872.996835,568369.2592,458492.822286055
1969,Latin America,157694787.0,2.53883759692613,279037414.0,,160810810704.896,,,462308.702471744
1966,North America,156823451.0,1.22781221981292,216659000.0,,877149346286.871,,,3821399.035
1994,Middle East,156596433.0,2.3068564569189904,278384965.0,95.238294,633727283356.403,84621.19631,274360.71,1211915.86970668
1965,North America,154056841.0,1.31031051831627,214031100.0,,799156583591.8491,,,3643256.175
1992,Africa,152384337.0,2.7723524683559604,538246469.0,100.0,338025357341.352,505907.47510100005,719489.8897,437483.80720278295
1993,Middle East,151964154.0,2.42840137930085,272107828.0,95.3314895629883,607894528644.182,83661.71282999999,264771.769,1158095.16790561
1968,Latin America,151729415.0,2.57556463835297,272128513.0,,143599791791.911,,,427248.76624699705
1964,North America,151199564.0,1.4449683246924299,211262900.0,,736034209690.038,,,3493998.2739999997
1963,North America,148185763.0,1.48885031379355,208253700.0,,684409517702.8,,,3330490.4110000003
1992,Middle East,147229296.0,1.7660889432457099,265656619.0,93.145981,603659416995.199,82158.76091,258494.657,1062834.13975185
1967,Latin America,145899638.0,2.61375241915016,265295652.0,,133326445950.31401,,,400427.058825113
1991,Africa,145817745.0,2.80204340645334,523726913.0,100.0,342668045723.391,363475.091233,567541.5807,453466.830859884
1962,North America,145157046.0,1.5796938232491398,205198600.0,,648062241978.7211,,,3194551.0539999995
1991,Middle East,144406997.0,2.6871613758894197,261046309.0,100.0,554619640067.1,75194.49249,245967.488,999941.83247408
1961,North America,142050755.0,1.7032604487195802,202007500.0,,604945237601.491,,,3074863.841
1966,Latin America,140216213.0,2.6552408939768704,258538106.0,,129903917602.08199,,,372972.500568848
1990,Middle East,139666927.0,3.56967311646083,254215138.0,100.0,550672700031.725,75770.2837,246030.62399999998,913726.7319812629
1990,Africa,139406814.0,2.8349314635073704,509451851.0,100.0,336946365795.332,444205.66434899997,640216.62,438830.25361437
1960,North America,138875014.0,2.30422552178082,198624409.0,,583464887370.094,,,3083748.982
1965,Latin America,134669170.0,2.69841960210384,251850859.0,,118439031787.985,,,354400.189905728
1989,Middle East,133705181.0,2.8873159291972,245453259.0,,420664060516.896,75169.58182,233790.51899999997,916881.43505848
1989,Africa,132797324.0,2.86820239140211,495407391.0,,301056772873.864,337927.539935,527745.8011,481497.976564295
1964,Latin America,129257800.0,2.7388057074032903,245233432.0,,111098331108.909,,,342186.168802161
1988,Middle East,129069928.0,3.0206907572740205,238565130.0,,408409905957.318,72034.74495,222115.901,887318.932617446
1988,Africa,126524879.0,2.89307389112683,481594292.0,,302566908437.938,302593.616927,480854.5585,505904.52453451796
1987,Middle East,124347202.0,3.1263744721194398,231570113.0,,410970895760.933,69922.33861,215061.832,830537.945486939
1963,Latin America,123855511.0,2.7685894316484796,238696012.0,,99694830662.0759,,,316108.991773667
1987,Africa,120453617.0,2.9060034344846897,468053168.0,,294043923959.352,371397.731876,548779.9922,475233.49277081
1986,Middle East,119494701.0,3.2067686699864306,224549844.0,,446708185515.019,68849.94724,212015.264,819048.957070844
1962,Latin America,118625617.0,2.7751410299227404,232265533.0,,98783719063.8261,,,315874.46469974896
1986,Africa,114614216.0,2.9067799825610603,454835629.0,,260336111190.53,307943.302799,482815.1776,482696.529019139
1985,Middle East,114531210.0,3.28697654030432,217572788.0,,435916738779.892,64953.04233,201208.836,767990.454592032
1961,Latin America,113585006.0,2.76756121080032,225993884.0,,86359716456.7515,,,297789.60831017897
1984,Middle East,109660638.0,3.34321783798882,210648811.0,,428820268874.78296,63405.162110000005,199919.099,725247.8961551391
1992,Russia,109115423.0,0.0437249639508604,148689000.0,100.0,460290556900.726,127569.03,576744.0,2078668.2859999998
1991,Russia,109073667.0,0.22363236630223698,148624000.0,100.0,517962962962.96295,143176.91,601461.0,487.711
1985,Africa,108996884.0,2.90231322247388,441988010.0,,252988063151.375,311365.865859,481742.6656,476651.655768622
1993,Russia,108985461.0,-0.11372469757941499,148520000.0,100.0,435083713850.83704,119550.26,553641.0,1938445.8730000001
1995,Russia,108866238.0,0.0267775060816902,148375726.0,100.0,395537185734.854,89825.29,485644.0,1631473.969
1994,Russia,108843023.0,-0.12396584442527901,148336000.0,100.0,395077301248.464,99808.53,514496.0,1698378.384
1990,Russia,108837430.0,0.38579434566536797,148292000.0,100.0,516814274021.956,160717.02,624883.0,542.716
1960,Latin America,108761448.0,2.26272032110959,219907801.0,,81565903441.8461,,,291252.554415555
1996,Russia,108700578.0,-0.14546915502926502,148160042.0,100.0,391724890744.498,122296.86,490520.0,1612966.62
1997,Russia,108515107.0,-0.165319440855875,147915307.0,100.0,404928954191.87604,89468.79,451678.0,1526011.049
1989,Russia,108424260.0,0.586603532881112,147721000.0,,506500173960.269,168057.82,611597.0,689.3960000000001
1998,Russia,108329743.0,-0.165511936742255,147670692.0,100.0,270955486862.442,155584.66,498651.0,1495505.2759999998
1999,Russia,107987645.0,-0.30947673446082397,147214392.0,100.0,195907128350.934,98265.97,455382.0,1531130.1809999999
2018,Russia,107539347.0,-0.0129353844507104,144478050.0,,1657553765580.67,,,
2000,Russia,107528575.0,-0.42056697531099296,146596557.0,100.0,259710142196.943,93000.0,465970.0,1557899.281
1988,Russia,107471421.0,0.648303809439665,146857000.0,,554713455149.5021,175220.37,600128.0,696.73
2017,Russia,107349518.0,0.10687195428423701,144496740.0,100.0,1578624060588.26,,,
2001,Russia,107067618.0,-0.42415102807618893,145976083.0,100.0,306602070620.5,90116.38,470194.0,1557506.9119999998
2016,Russia,107050095.0,0.17024454590112,144342396.0,100.0,1282723881083.71,,,
2015,Russia,106703732.0,0.19255864182342303,144096870.0,100.0,1363594369511.4,,,
2002,Russia,106568907.0,-0.460061304902853,145306046.0,100.0,345470494417.86304,108805.66,489125.0,1557085.207
2014,Russia,106354643.0,0.217700100552035,143819666.0,100.0,2059984158384.6,,,1705345.6840000001
1987,Russia,106169956.0,0.697384550046896,145908000.0,,2157434025.16467,177655.42,577899.0,616.056
2003,Russia,106132766.0,-0.453719859743564,144648257.0,100.0,430347770733.155,119441.45,509646.0,1604242.8269999998
2013,Russia,105998510.0,0.21292359500829197,143506911.0,100.0,2297128039058.16,,,1778561.006
2004,Russia,105771150.0,-0.40261376030571794,144067054.0,100.0,591016690742.937,77519.22,486820.0,1602115.967
2012,Russia,105669949.0,0.168301590750173,143201676.0,100.0,2210256976944.74,65193.99975,545818.581,1830830.424
2005,Russia,105433013.0,-0.38147369622440097,143518523.0,100.0,764017107993.346,77471.17,494483.0,1615089.813
2011,Russia,105407907.0,0.0779670984684485,142960868.0,100.0,2051661732059.47,64461.124875,539682.7905,1763405.295
2010,Russia,105261473.0,0.0448873898392816,142849449.0,100.0,1524917468442.6,63728.25,533546.0,1670531.186
2006,Russia,105152847.0,-0.32731870638619204,143049528.0,100.0,989930542278.6841,65002.04,495215.0,1669262.404
2009,Russia,105149982.0,0.0301140670621249,142785342.0,100.0,1222644282200.48,64810.77,507742.0,1574045.082
2008,Russia,105055515.0,-0.0439422615372963,142742350.0,100.0,1660846387626.0,62545.6,511550.0,1714978.8930000002
2007,Russia,105037426.0,-0.171024042221983,142805088.0,100.0,1299705764824.48,65020.33,504013.0,1666886.188
1983,Middle East,104893039.0,3.38665409557863,203834190.0,,422819099218.39703,62995.937620000004,213740.307,677289.072862662
1986,Russia,104825013.0,0.7175738664357741,144894000.0,,1944711061.30888,176420.69,562391.0,597.721
1984,Africa,103678047.0,2.89782290610911,429521938.0,,266231902787.32898,323450.899752,485630.0988,464893.186188336
1985,Russia,103466989.0,0.7766880284471479,143858000.0,,1715625839.1797302,170495.66,540792.0,616.056
1984,Russia,102058393.0,0.7573529676260509,142745000.0,,1587412957.22263,166476.2,525561.0,634.391
1983,Russia,100677781.0,0.598250932058307,141668000.0,,1479688125.8852,162238.19,504821.0,696.73
1982,Middle East,100255121.0,3.36899758446722,197157159.0,,415696836243.358,59711.720120000005,220563.16,634634.55265118
1982,Russia,99464693.0,0.6282877444241071,140823000.0,,1407242640.23211,160564.5,492411.0,608.722
1983,Africa,98734387.0,2.8930488147959,417425681.0,,303964037529.75604,373301.347977,533795.4983,433261.823575716
1981,Russia,98228786.0,0.667503222289735,139941000.0,,1407062607.63214,161114.13,474129.0,601.388
1980,Russia,96960865.0,0.709655479527404,139010000.0,,1254765349.93185,158450.3,460809.0,495.045
1981,Middle East,95812149.0,3.30545583659693,190731422.0,,414879769427.901,55957.40064,226085.18399999998,627866.614072733
1979,Russia,95659612.0,0.7030532036049689,138027000.0,,1109346220.52885,155602.33,446764.0,297.027
1978,Russia,94157479.0,0.7028876500257171,137060000.0,,905709147.27019,154822.68,434155.0,289.693
1982,Africa,94123455.0,2.89309384475105,405688903.0,,349108366367.861,388175.45686100004,542150.9701,426457.618956291
1977,Russia,92479950.0,0.7026834739601799,136100000.0,,746650558.55469,155592.1,420972.0,267.691
1980,Middle East,91593392.0,3.22154742350322,184628605.0,,401373052870.681,53551.827919999996,265616.445,646347.304890194
1976,Russia,90810675.0,0.703185038023715,135147000.0,,637754162.101094,155255.13,411531.0,267.691
1981,Africa,89766757.0,2.89511082897764,394281956.0,,379427965294.484,342053.924453,494563.2655,404131.78782537795
1975,Russia,89145034.0,0.5739239762709339,134200000.0,,571863295.740122,149387.45,395119.0,176.016
1979,Middle East,87614194.0,3.1244594532125096,178866341.0,,311571986065.14,48003.75668,286859.619,637209.670744443
1974,Russia,87600777.0,0.573468037351157,133432000.0,,308458423.183854,143498.69,380300.0,73.34
1973,Russia,86061054.0,0.5745013495656539,132669000.0,,290746157.145921,143006.41,369515.0,69.673
1980,Africa,85602042.0,2.8957910341421096,383188232.0,,272115993019.12198,397866.060519,553508.0759,378496.90969957
1972,Russia,84524649.0,0.57324610343637,131909000.0,,246457838.336681,151926.35,366735.0,66.006
1978,Middle East,83885707.0,3.0208628952887593,173447058.0,,238456857098.57397,45431.84788,302318.252,605684.649528629
1971,Russia,82992261.0,0.5742506002625479,131155000.0,,222952578.196381,127834.39,344005.0,62.339
1979,Africa,81797260.0,2.8913196871118902,372404185.0,,216800304514.963,406413.255682,573162.6242,365707.387231111
1970,Russia,81464683.0,0.5690834682551441,130404000.0,,219900006.0,125301.38,338496.0,58.672
1977,Middle East,80373651.0,2.95279667738836,168361100.0,,224453533285.254,44313.58395,306169.001,574566.80510534
1969,Russia,79922296.0,0.569238017722672,129664000.0,,188700037.0,,,58.672
1968,Russia,78366306.0,0.5693766257186,128928000.0,,172200018.0,,,55.005
1978,Africa,78069861.0,2.8796024270806098,361939361.0,,180120012417.832,334065.669086,480375.468,324275.438861956
1976,Middle East,77009263.0,2.9040225242146005,163532323.0,,193617322983.28,42631.156445,310465.529,545550.873313731
1967,Russia,76812479.0,0.569499004627627,128196000.0,,159560018.0,,,40.336999999999996
1966,Russia,75267305.0,0.568815874401956,127468000.0,,124525702.857143,,,44.004
1977,Africa,74306045.0,2.8623684173693995,351808670.0,,162942418866.278,346538.799946,485817.5341,318915.452728492
1965,Russia,73731369.0,1.11072584654368,126745000.0,,148799980.0,,,47.67100000000001
1975,Middle East,73721047.0,2.85258000313921,158917328.0,,155891439603.545,41105.073689,274040.841,462031.94347411796
1964,Russia,71815164.0,1.11110025764706,125345000.0,,129999994.0,,,36.67
1976,Africa,70722151.0,2.83698541785084,342018831.0,,148277830288.536,299825.637126,440839.3316,316295.015063243
1974,Middle East,70573772.0,2.80621246235444,154509812.0,,142778756162.06198,40000.426570999996,286965.69399999996,468359.69092551206
1963,Russia,69923357.0,1.1105321573706899,123960000.0,,128000000.0,,,84.34100000000001
1962,Russia,68060071.0,1.11145521122451,122591000.0,,125000008.0,,,84.34100000000001
1973,Middle East,67535142.0,2.78969187144477,150292291.0,,78672070731.1584,38618.300623,293913.109,461976.91958323604
1975,Africa,67275054.0,2.80781846098958,332583486.0,,136529239382.866,313803.940219,449188.1273,300695.222087309
1961,Russia,66226377.0,1.11060183638626,121236000.0,,122000016.0,,,139.346
1972,Middle East,64571650.0,2.74440812936297,146213388.0,,58546679180.8722,37904.256419,260761.94199999998,390544.90444063296
1960,Russia,64421857.0,1.4694965014453198,119897000.0,,119000024.0,,,106.34299999999999
1974,Africa,64031950.0,2.7763974454955602,323500188.0,,123878024941.134,275425.711439,416763.7193,309676.92107345304
1971,Middle East,61765818.0,2.7693580897437204,142307879.0,,47873000169.229004,36286.595819,242013.6,363832.63954727
1973,Africa,60972688.0,2.74249670666083,314761167.0,,94735321513.7962,329128.937655,457924.6329,291761.911864869
1970,Middle East,59064223.0,2.79788081739187,138473064.0,,41515837165.5785,34969.580566000004,229788.426,324061.371217988
1972,Africa,58050087.0,2.7072200182009,306359274.0,,74100936022.6026,307378.868067,427373.23494,274572.734111859
1969,Middle East,56425119.0,2.80651428311154,134704201.0,,36096691228.0146,,,306981.955488313
1971,Africa,55269107.0,2.6702856037532596,298284068.0,,65689134019.6069,297752.503012,410386.04842,260423.45316881101
1968,Middle East,53901920.0,2.81058902306673,131026912.0,,32442600991.2546,,,272067.462594188
1970,Africa,52658096.0,2.63038815545922,290526189.0,,64569009491.3264,414258.765318,528461.2537100001,226258.207050609
1967,Middle East,51486093.0,2.8543713574180494,127444958.0,,26560000000.0,,,228041.01337005603
1969,Africa,50265973.0,2.58858152461518,283080084.0,,54910863990.5405,,,205192.492539505
1966,Middle East,49145617.0,2.7931898877341603,123908159.0,,24320000000.0,,,214211.67546179198
1968,Africa,47957495.0,2.5513595933261297,275937224.0,,47958300734.9815,,,189021.88574745102
1965,Middle East,46854943.0,2.78845014638978,120541214.0,,21840000000.0,,,188222.05766867602
1967,Africa,45780399.0,2.52150523872675,269072224.0,,44845327519.7909,,,184956.898957183
1964,Middle East,44600567.0,2.7778525649317904,117271166.0,,20080000000.0,,,158237.70539755
1966,Africa,43721417.0,2.49731145822021,262454422.0,,45374364958.4609,,,177902.732320226
1963,Middle East,42474856.0,2.7521689905772995,114101592.0,,16960000000.0,,,135940.474132045
1965,Africa,41767939.0,2.4756774864496403,256059811.0,,42047655887.1146,,,174355.175167181
1962,Middle East,40472920.0,2.7610327318960803,111045434.0,,15200000000.0,,,118397.63768722
1964,Africa,39882276.0,2.4520205804973196,249873743.0,,37760332631.0638,,,157082.703823918
1961,Middle East,38554939.0,2.71716176424137,108061812.0,,14160000000.0,,,107498.48104197199
1963,Africa,38098805.0,2.4238563929608703,243893426.0,,38685028470.2561,,,143107.05279729998
1960,Middle East,36736033.0,3.11850759656585,105203269.0,,13040000000.0,,,102252.505275326
1962,Africa,36425236.0,2.38841241122054,238121698.0,,33760238394.1226,,,136503.804032449
1961,Africa,34863268.0,2.34728660254051,232567038.0,,31157389139.8673,,,131878.754307474
1960,Africa,33380807.0,1.2298892295064199,227233223.0,,29973666709.2225,,,126086.808539963
