,CO2 Emission,Energy,GDP in $,Population,Population Growth,Production,Urban Population
1982,18562354.0,biomass,11507419044047.1,4593454253.0,1.79921214102485,61.37055641610978,1843755802.0
1982,18562354.0,wind,11507419044047.1,4593454253.0,1.79921214102485,0.018499999999999996,1843755802.0
1982,18562354.0,solar,11507419044047.1,4593454253.0,1.79921214102485,0.0,1843755802.0
1982,18562354.0,renewable,11507419044047.1,4593454253.0,1.79921214102485,61.38905641610978,1843755802.0
1982,18562354.0,nuclear,11507419044047.1,4593454253.0,1.79921214102485,916.6454616947393,1843755802.0
1982,18562354.0,hydro,11507419044047.1,4593454253.0,1.79921214102485,1796.8831715390418,1843755802.0
1982,18562354.0,coal,11507419044047.1,4593454253.0,1.79921214102485,1909.8921029742385,1843755802.0
1982,18562354.0,gaz,11507419044047.1,4593454253.0,1.79921214102485,1256.1164990724521,1843755802.0
1982,18562354.0,Oil,11507419044047.1,4593454253.0,1.79921214102485,2797.7228274107943,1843755802.0
1983,18484356.91,biomass,11739581031767.4,4675367633.0,1.78326321518283,68.01793273743819,1892827915.0
1983,18484356.91,wind,11739581031767.4,4675367633.0,1.78326321518283,0.03279494949494946,1892827915.0
1983,18484356.91,solar,11739581031767.4,4675367633.0,1.78326321518283,0.003,1892827915.0
1983,18484356.91,renewable,11739581031767.4,4675367633.0,1.78326321518283,68.05372768693314,1892827915.0
1983,18484356.91,nuclear,11739581031767.4,4675367633.0,1.78326321518283,1029.3987127789499,1892827915.0
1983,18484356.91,hydro,11739581031767.4,4675367633.0,1.78326321518283,1879.26897807464,1892827915.0
1983,18484356.91,coal,11739581031767.4,4675367633.0,1.78326321518283,1903.873374416398,1892827915.0
1983,18484356.91,gaz,11739581031767.4,4675367633.0,1.78326321518283,1267.3242526506285,1892827915.0
1983,18484356.91,Oil,11739581031767.4,4675367633.0,1.78326321518283,2762.004488275377,1892827915.0
1984,19145865.375,biomass,12172632270220.0,4756998073.0,1.7459683688579,76.00921830667598,1942866006.0
1984,19145865.375,wind,12172632270220.0,4756998073.0,1.7459683688579,0.04475555555555548,1942866006.0
1984,19145865.375,solar,12172632270220.0,4756998073.0,1.7459683688579,0.0063111111111111,1942866006.0
1984,19145865.375,renewable,12172632270220.0,4756998073.0,1.7459683688579,76.06028497334265,1942866006.0
1984,19145865.375,nuclear,12172632270220.0,4756998073.0,1.7459683688579,1244.320289873687,1942866006.0
1984,19145865.375,hydro,12172632270220.0,4756998073.0,1.7459683688579,1941.0591836147557,1942866006.0
1984,19145865.375,coal,12172632270220.0,4756998073.0,1.7459683688579,1987.0697613233453,1942866006.0
1984,19145865.375,gaz,12172632270220.0,4756998073.0,1.7459683688579,1375.8985081517194,1942866006.0
1984,19145865.375,Oil,12172632270220.0,4756998073.0,1.7459683688579,2816.1207133269154,1942866006.0
1985,19719241.162,biomass,12786868776197.2,4840155168.0,1.74810024565674,77.79223117997597,1994247166.0
1985,19719241.162,wind,12786868776197.2,4840155168.0,1.74810024565674,0.06422020202020197,1994247166.0
1985,19719241.162,solar,12786868776197.2,4840155168.0,1.74810024565674,0.011747474747474736,1994247166.0
1985,19719241.162,renewable,12786868776197.2,4840155168.0,1.74810024565674,77.86819885674365,1994247166.0
1985,19719241.162,nuclear,12786868776197.2,4840155168.0,1.74810024565674,1488.9728816105298,1994247166.0
1985,19719241.162,hydro,12786868776197.2,4840155168.0,1.74810024565674,1979.5897733001768,1994247166.0
1985,19719241.162,coal,12786868776197.2,4840155168.0,1.74810024565674,2077.908542502429,1994247166.0
1985,19719241.162,gaz,12786868776197.2,4840155168.0,1.74810024565674,1413.4351913895994,1994247166.0
1985,19719241.162,Oil,12786868776197.2,4840155168.0,1.74810024565674,2791.4601402644553,1994247166.0
1986,20315356.016,biomass,15109518321326.6,4925801334.0,1.76949215525646,85.57913281245379,2047492186.0
1986,20315356.016,wind,15109518321326.6,4925801334.0,1.76949215525646,0.1388313131313131,2047492186.0
1986,20315356.016,solar,15109518321326.6,4925801334.0,1.76949215525646,0.015183838383838372,2047492186.0
1986,20315356.016,renewable,15109518321326.6,4925801334.0,1.76949215525646,85.73314796396896,2047492186.0
1986,20315356.016,nuclear,15109518321326.6,4925801334.0,1.76949215525646,1594.790420484214,2047492186.0
1986,20315356.016,hydro,15109518321326.6,4925801334.0,1.76949215525646,2006.711403989199,2047492186.0
1986,20315356.016,coal,15109518321326.6,4925801334.0,1.76949215525646,2126.712074743974,2047492186.0
1986,20315356.016,gaz,15109518321326.6,4925801334.0,1.76949215525646,1450.6170688617497,2047492186.0
1986,20315356.016,Oil,15109518321326.6,4925801334.0,1.76949215525646,2929.340512621318,2047492186.0
1987,20817151.963,biomass,17186317201890.2,5013576387.0,1.7819446430804802,91.6428543446685,2102280624.0
1987,20817151.963,wind,17186317201890.2,5013576387.0,1.7819446430804802,0.19537676767676762,2102280624.0
1987,20817151.963,solar,17186317201890.2,5013576387.0,1.7819446430804802,0.010603030303030303,2102280624.0
1987,20817151.963,renewable,17186317201890.2,5013576387.0,1.7819446430804802,91.8488341426483,2102280624.0
1987,20817151.963,nuclear,17186317201890.2,5013576387.0,1.7819446430804802,1734.7825570315827,2102280624.0
1987,20817151.963,hydro,17186317201890.2,5013576387.0,1.7819446430804802,2034.5146333470948,2102280624.0
1987,20817151.963,coal,17186317201890.2,5013576387.0,1.7819446430804802,2167.574095217383,2102280624.0
1987,20817151.963,gaz,17186317201890.2,5013576387.0,1.7819446430804802,1523.085582831811,2102280624.0
1987,20817151.963,Oil,17186317201890.2,5013576387.0,1.7819446430804802,2936.104079465743,2102280624.0
1988,21565403.313,biomass,19226665300870.3,5102293348.0,1.7695344431180802,94.28072727351741,2158076715.0
1988,21565403.313,wind,19226665300870.3,5102293348.0,1.7695344431180802,0.33157979797979803,2158076715.0
1988,21565403.313,solar,19226665300870.3,5102293348.0,1.7695344431180802,0.010195959595959583,2158076715.0
1988,21565403.313,renewable,19226665300870.3,5102293348.0,1.7695344431180802,94.62250303109317,2158076715.0
1988,21565403.313,nuclear,19226665300870.3,5102293348.0,1.7695344431180802,1891.3252592736865,2158076715.0
1988,21565403.313,hydro,19226665300870.3,5102293348.0,1.7695344431180802,2099.1108183396805,2158076715.0
1988,21565403.313,coal,19226665300870.3,5102293348.0,1.7695344431180802,2220.5925112632913,2158076715.0
1988,21565403.313,gaz,19226665300870.3,5102293348.0,1.7695344431180802,1590.7771639618095,2158076715.0
1988,21565403.313,Oil,19226665300870.3,5102293348.0,1.7695344431180802,3061.595423857852,2158076715.0
1989,22029385.156,biomass,20068920934036.3,5190965222.0,1.73788271179582,104.03431282361699,2213986943.0
1989,22029385.156,wind,20068920934036.3,5190965222.0,1.73788271179582,2.649776767676741,2213986943.0
1989,22029385.156,solar,20068920934036.3,5190965222.0,1.73788271179582,0.26222323232323225,2213986943.0
1989,22029385.156,renewable,20068920934036.3,5190965222.0,1.73788271179582,106.94631282361698,2213986943.0
1989,22029385.156,nuclear,20068920934036.3,5190965222.0,1.73788271179582,1945.0802479263214,2213986943.0
1989,22029385.156,hydro,20068920934036.3,5190965222.0,1.73788271179582,2086.541190025097,2213986943.0
1989,22029385.156,coal,20068920934036.3,5190965222.0,1.73788271179582,2260.08258648514,2213986943.0
1989,22029385.156,gaz,20068920934036.3,5190965222.0,1.73788271179582,1645.5056646306957,2213986943.0
1989,22029385.156,Oil,20068920934036.3,5190965222.0,1.73788271179582,3098.559090914253,2213986943.0
1990,22149402.399,biomass,22603206098495.3,5281340078.0,1.74100291824301,116.54032959375112,2271805636.0
1990,22149402.399,wind,22603206098495.3,5281340078.0,1.74100291824301,3.6324705158989543,2271805636.0
1990,22149402.399,solar,22603206098495.3,5281340078.0,1.74100291824301,0.3882949494949495,2271805636.0
1990,22149402.399,renewable,22603206098495.3,5281340078.0,1.74100291824301,120.56109505914503,2271805636.0
1990,22149402.399,nuclear,22603206098495.3,5281340078.0,1.74100291824301,2000.4747995578982,2271805636.0
1990,22149402.399,hydro,22603206098495.3,5281340078.0,1.74100291824301,2161.0480835907406,2271805636.0
1990,22149402.399,coal,22603206098495.3,5281340078.0,1.74100291824301,2251.658416907108,2271805636.0
1990,22149402.399,gaz,22603206098495.3,5281340078.0,1.74100291824301,1696.5124283644,2271805636.0
1990,22149402.399,Oil,22603206098495.3,5281340078.0,1.74100291824301,3157.8705361968873,2271805636.0
1991,22403928.869000006,biomass,23942384829866.4,5369210095.0,1.6637825949901,121.49724610035416,2329303604.0
1991,22403928.869000006,wind,23942384829866.4,5369210095.0,1.6637825949901,4.086706674707034,2329303604.0
1991,22403928.869000006,solar,23942384829866.4,5369210095.0,1.6637825949901,0.5052028729674543,2329303604.0
1991,22403928.869000006,renewable,23942384829866.4,5369210095.0,1.6637825949901,126.08915564802864,2329303604.0
1991,22403928.869000006,nuclear,23942384829866.4,5369210095.0,1.6637825949901,2096.1917689894785,2329303604.0
1991,22403928.869000006,hydro,23942384829866.4,5369210095.0,1.6637825949901,2213.1327567942953,2329303604.0
1991,22403928.869000006,coal,23942384829866.4,5369210095.0,1.6637825949901,2191.079558513393,2329303604.0
1991,22403928.869000006,gaz,23942384829866.4,5369210095.0,1.6637825949901,1717.435741054618,2329303604.0
1991,22403928.869000006,Oil,23942384829866.4,5369210095.0,1.6637825949901,3149.1417327400045,2329303604.0
1992,22183417.491,biomass,25425855198396.5,5453393960.0,1.56790037101351,130.4426247527588,2384524997.0
1992,22183417.491,wind,25425855198396.5,5453393960.0,1.56790037101351,4.7332120191514795,2384524997.0
1992,22183417.491,solar,25425855198396.5,5453393960.0,1.56790037101351,0.46858510948822124,2384524997.0
1992,22183417.491,renewable,25425855198396.5,5453393960.0,1.56790037101351,135.64442188139853,2384524997.0
1992,22183417.491,nuclear,25425855198396.5,5453393960.0,1.56790037101351,2112.10945383202,2384524997.0
1992,22183417.491,hydro,25425855198396.5,5453393960.0,1.56790037101351,2211.5055930434196,2384524997.0
1992,22183417.491,coal,25425855198396.5,5453393960.0,1.56790037101351,2188.3427189383456,2384524997.0
1992,22183417.491,gaz,25425855198396.5,5453393960.0,1.56790037101351,1721.8431503724898,2384524997.0
1992,22183417.491,Oil,25425855198396.5,5453393960.0,1.56790037101351,3194.769523371669,2384524997.0
1993,22162174.56,biomass,25838198034038.6,5538448726.0,1.5596666337306002,134.8256748342745,2441829440.0
1993,22162174.56,wind,25838198034038.6,5538448726.0,1.5596666337306002,5.697568819393899,2441829440.0
1993,22162174.56,solar,25838198034038.6,5538448726.0,1.5596666337306002,0.5566975240299379,2441829440.0
1993,22162174.56,renewable,25838198034038.6,5538448726.0,1.5596666337306002,141.07994117769834,2441829440.0
1993,22162174.56,nuclear,25838198034038.6,5538448726.0,1.5596666337306002,2184.84873352652,2441829440.0
1993,22162174.56,hydro,25838198034038.6,5538448726.0,1.5596666337306002,2344.2661506848026,2441829440.0
1993,22162174.56,coal,25838198034038.6,5538448726.0,1.5596666337306002,2123.4851403675398,2441829440.0
1993,22162174.56,gaz,25838198034038.6,5538448726.0,1.5596666337306002,1741.1392412631362,2441829440.0
1993,22162174.56,Oil,25838198034038.6,5538448726.0,1.5596666337306002,3190.351667181468,2441829440.0
1994,22551690.634,biomass,27753090818176.4,5622575421.0,1.51895772917553,139.91448289476392,2499212205.0
1994,22551690.634,wind,27753090818176.4,5622575421.0,1.51895772917553,7.122929844242377,2499212205.0
1994,22551690.634,solar,27753090818176.4,5622575421.0,1.51895772917553,0.6000139253602809,2499212205.0
1994,22551690.634,renewable,27753090818176.4,5622575421.0,1.51895772917553,147.6374266643666,2499212205.0
1994,22551690.634,nuclear,27753090818176.4,5622575421.0,1.51895772917553,2225.8758953483407,2499212205.0
1994,22551690.634,hydro,27753090818176.4,5622575421.0,1.51895772917553,2359.6925188445516,2499212205.0
1994,22551690.634,coal,27753090818176.4,5622575421.0,1.51895772917553,2174.349672000727,2499212205.0
1994,22551690.634,gaz,27753090818176.4,5622575421.0,1.51895772917553,1766.0662870185379,2499212205.0
1994,22551690.634,Oil,27753090818176.4,5622575421.0,1.51895772917553,3234.693635294433,2499212205.0
1995,23037524.13,biomass,30865108095791.8,5707533023.0,1.51100866842422,145.7193741468807,2558434408.0
1995,23037524.13,wind,30865108095791.8,5707533023.0,1.51100866842422,8.26192344363632,2558434408.0
1995,23037524.13,solar,30865108095791.8,5707533023.0,1.51100866842422,0.6408137794886037,2558434408.0
1995,23037524.13,renewable,30865108095791.8,5707533023.0,1.51100866842422,154.62211137000563,2558434408.0
1995,23037524.13,nuclear,30865108095791.8,5707533023.0,1.51100866842422,2322.415627683887,2558434408.0
1995,23037524.13,hydro,30865108095791.8,5707533023.0,1.51100866842422,2488.985020396689,2558434408.0
1995,23037524.13,coal,30865108095791.8,5707533023.0,1.51100866842422,2240.1814315706238,2558434408.0
1995,23037524.13,gaz,30865108095791.8,5707533023.0,1.51100866842422,1795.2980960518603,2558434408.0
1995,23037524.13,Oil,30865108095791.8,5707533023.0,1.51100866842422,3278.89612576322,2558434408.0
1996,23571556.674,biomass,31549409160506.7,5790454220.0,1.45283779639726,149.81292841389433,2616500742.0
1996,23571556.674,wind,31549409160506.7,5790454220.0,1.45283779639726,9.204600660595922,2616500742.0
1996,23571556.674,solar,31549409160506.7,5790454220.0,1.45283779639726,0.7052079715988194,2616500742.0
1996,23571556.674,renewable,31549409160506.7,5790454220.0,1.45283779639726,159.7227370460891,2616500742.0
1996,23571556.674,nuclear,31549409160506.7,5790454220.0,1.45283779639726,2406.8236057699587,2616500742.0
1996,23571556.674,hydro,31549409160506.7,5790454220.0,1.45283779639726,2523.825940212398,2616500742.0
1996,23571556.674,coal,31549409160506.7,5790454220.0,1.45283779639726,2276.349029498367,2616500742.0
1996,23571556.674,gaz,31549409160506.7,5790454220.0,1.45283779639726,1882.5784537228212,2616500742.0
1996,23571556.674,Oil,31549409160506.7,5790454220.0,1.45283779639726,3366.2948774513256,2616500742.0
1997,23975007.348,biomass,31435985940809.5,5873071768.0,1.4267887260837298,161.06672525974932,2675193465.0
1997,23975007.348,wind,31435985940809.5,5873071768.0,1.4267887260837298,12.017816469777737,2675193465.0
1997,23975007.348,solar,31435985940809.5,5873071768.0,1.4267887260837298,0.756584791929711,2675193465.0
1997,23975007.348,renewable,31435985940809.5,5873071768.0,1.4267887260837298,173.84112652145677,2675193465.0
1997,23975007.348,nuclear,31435985940809.5,5873071768.0,1.4267887260837298,2390.2967162013983,2675193465.0
1997,23975007.348,hydro,31435985940809.5,5873071768.0,1.4267887260837298,2569.6238899466,2675193465.0
1997,23975007.348,coal,31435985940809.5,5873071768.0,1.4267887260837298,2309.1833529598375,2675193465.0
1997,23975007.348,gaz,31435985940809.5,5873071768.0,1.4267887260837298,1882.2692433498253,2675193465.0
1997,23975007.348,Oil,31435985940809.5,5873071768.0,1.4267887260837298,3441.3754097974083,2675193465.0
1998,24114192.0,biomass,31367309193548.1,5954810550.0,1.3917552045824098,168.57133920177074,2734448158.0
1998,24114192.0,wind,31367309193548.1,5954810550.0,1.3917552045824098,15.921260267804914,2734448158.0
1998,24114192.0,solar,31367309193548.1,5954810550.0,1.3917552045824098,0.8317889652847927,2734448158.0
1998,24114192.0,renewable,31367309193548.1,5954810550.0,1.3917552045824098,185.32438843486045,2734448158.0
1998,24114192.0,nuclear,31367309193548.1,5954810550.0,1.3917552045824098,2431.385960441457,2734448158.0
1998,24114192.0,hydro,31367309193548.1,5954810550.0,1.3917552045824098,2590.5595494379845,2734448158.0
1998,24114192.0,coal,31367309193548.1,5954810550.0,1.3917552045824098,2267.015987344116,2734448158.0
1998,24114192.0,gaz,31367309193548.1,5954810550.0,1.3917552045824098,1931.969841148952,2734448158.0
1998,24114192.0,Oil,31367309193548.1,5954810550.0,1.3917552045824098,3528.31725082008,2734448158.0
1999,24059187.0,biomass,32529370037527.9,6035284135.0,1.3514046219320903,177.19831640366343,2793971265.0
1999,24059187.0,wind,32529370037527.9,6035284135.0,1.3514046219320903,21.216174006609346,2793971265.0
1999,24059187.0,solar,32529370037527.9,6035284135.0,1.3514046219320903,0.9161968992285394,2793971265.0
1999,24059187.0,renewable,32529370037527.9,6035284135.0,1.3514046219320903,199.33068730950131,2793971265.0
1999,24059187.0,nuclear,32529370037527.9,6035284135.0,1.3514046219320903,2524.3691956050297,2793971265.0
1999,24059187.0,hydro,32529370037527.9,6035284135.0,1.3514046219320903,2608.299500172241,2793971265.0
1999,24059187.0,coal,32529370037527.9,6035284135.0,1.3514046219320903,2267.69619405936,2793971265.0
1999,24059187.0,gaz,32529370037527.9,6035284135.0,1.3514046219320903,1987.4786318810957,2793971265.0
1999,24059187.0,Oil,32529370037527.9,6035284135.0,1.3514046219320903,3448.304748681612,2793971265.0
2000,24689911.0,biomass,33581571601703.8,6115108363.0,1.32262584850116,185.45238144909032,2854279372.0
2000,24689911.0,wind,33581571601703.8,6115108363.0,1.32262584850116,31.420936564133243,2854279372.0
2000,24689911.0,solar,33581571601703.8,6115108363.0,1.32262584850116,1.1254073967022529,2854279372.0
2000,24689911.0,renewable,33581571601703.8,6115108363.0,1.32262584850116,217.99872540992584,2854279372.0
2000,24689911.0,nuclear,33581571601703.8,6115108363.0,1.32262584850116,2580.913074515191,2854279372.0
2000,24689911.0,hydro,33581571601703.8,6115108363.0,1.32262584850116,2654.7035059578307,2854279372.0
2000,24689911.0,coal,33581571601703.8,6115108363.0,1.32262584850116,2300.8565227445865,2854279372.0
2000,24689911.0,gaz,33581571601703.8,6115108363.0,1.32262584850116,2065.76514635979,2854279372.0
2000,24689911.0,Oil,33581571601703.8,6115108363.0,1.32262584850116,3597.3919171242555,2854279372.0
2001,25276631.0,biomass,33382422263799.0,6194460444.0,1.29763981747448,191.22851458370016,2919083083.0
2001,25276631.0,wind,33382422263799.0,6194460444.0,1.29763981747448,38.39094694714436,2919083083.0
2001,25276631.0,solar,33382422263799.0,6194460444.0,1.29763981747448,1.4090736791505507,2919083083.0
2001,25276631.0,renewable,33382422263799.0,6194460444.0,1.29763981747448,231.02853520999514,2919083083.0
2001,25276631.0,nuclear,33382422263799.0,6194460444.0,1.29763981747448,2653.772908872078,2919083083.0
2001,25276631.0,hydro,33382422263799.0,6194460444.0,1.29763981747448,2586.4793686152902,2919083083.0
2001,25276631.0,coal,33382422263799.0,6194460444.0,1.29763981747448,2398.019808352939,2919083083.0
2001,25276631.0,gaz,33382422263799.0,6194460444.0,1.29763981747448,2114.9161989887843,2919083083.0
2001,25276631.0,Oil,33382422263799.0,6194460444.0,1.29763981747448,3597.512905102508,2919083083.0
2002,25646998.0,biomass,34669304532580.9,6273526441.0,1.2763984484973898,205.85318182419766,2987617002.0
2002,25646998.0,wind,34669304532580.9,6273526441.0,1.2763984484973898,52.33175697155786,2987617002.0
2002,25646998.0,solar,34669304532580.9,6273526441.0,1.2763984484973898,1.7753711305516702,2987617002.0
2002,25646998.0,renewable,34669304532580.9,6273526441.0,1.2763984484973898,259.9603099263071,2987617002.0
2002,25646998.0,nuclear,34669304532580.9,6273526441.0,1.2763984484973898,2696.174442703869,2987617002.0
2002,25646998.0,hydro,34669304532580.9,6273526441.0,1.2763984484973898,2633.5897468544094,2987617002.0
2002,25646998.0,coal,34669304532580.9,6273526441.0,1.2763984484973898,2427.3712546033294,2987617002.0
2002,25646998.0,gaz,34669304532580.9,6273526441.0,1.2763984484973898,2163.2616941852266,2987617002.0
2002,25646998.0,Oil,34669304532580.9,6273526441.0,1.2763984484973898,3554.7082450264643,2987617002.0
2003,27047792.0,biomass,38899897038562.5,6352677699.0,1.26167090781215,217.37914908630964,3057172140.0
2003,27047792.0,wind,38899897038562.5,6352677699.0,1.26167090781215,62.91692708448412,3057172140.0
2003,27047792.0,solar,38899897038562.5,6352677699.0,1.26167090781215,2.269183154744631,3057172140.0
2003,27047792.0,renewable,38899897038562.5,6352677699.0,1.26167090781215,282.5652593255385,3057172140.0
2003,27047792.0,nuclear,38899897038562.5,6352677699.0,1.26167090781215,2641.5795454610156,3057172140.0
2003,27047792.0,hydro,38899897038562.5,6352677699.0,1.26167090781215,2628.619236796692,3057172140.0
2003,27047792.0,coal,38899897038562.5,6352677699.0,1.26167090781215,2605.194462158966,3057172140.0
2003,27047792.0,gaz,38899897038562.5,6352677699.0,1.26167090781215,2240.732642166064,3057172140.0
2003,27047792.0,Oil,38899897038562.5,6352677699.0,1.26167090781215,3713.090233358374,3057172140.0
2004,28393581.0,biomass,43811772234694.6,6432374971.0,1.25454612647114,234.57273941517954,3128054896.0
2004,28393581.0,wind,43811772234694.6,6432374971.0,1.25454612647114,85.11716233483959,3128054896.0
2004,28393581.0,solar,43811772234694.6,6432374971.0,1.25454612647114,2.9867992181602876,3128054896.0
2004,28393581.0,renewable,43811772234694.6,6432374971.0,1.25454612647114,322.67670096817943,3128054896.0
2004,28393581.0,nuclear,43811772234694.6,6432374971.0,1.25454612647114,2757.125213013655,3128054896.0
2004,28393581.0,hydro,43811772234694.6,6432374971.0,1.25454612647114,2805.32667205372,3128054896.0
2004,28393581.0,coal,43811772234694.6,6432374971.0,1.25454612647114,2830.8885918869314,3128054896.0
2004,28393581.0,gaz,43811772234694.6,6432374971.0,1.25454612647114,2313.975981080949,3128054896.0
2004,28393581.0,Oil,43811772234694.6,6432374971.0,1.25454612647114,3898.152021836367,3128054896.0
2005,29490014.0,biomass,47459060744747.3,6512602867.0,1.2472515417976,254.82359501873742,3200209755.0
2005,29490014.0,wind,47459060744747.3,6512602867.0,1.2472515417976,104.08586481040452,3200209755.0
2005,29490014.0,solar,47459060744747.3,6512602867.0,1.2472515417976,4.177705657396107,3200209755.0
2005,29490014.0,renewable,47459060744747.3,6512602867.0,1.2472515417976,363.08716548653797,3200209755.0
2005,29490014.0,nuclear,47459060744747.3,6512602867.0,1.2472515417976,2769.050089687323,3200209755.0
2005,29490014.0,hydro,47459060744747.3,6512602867.0,1.2472515417976,2915.8412864904058,3200209755.0
2005,29490014.0,coal,47459060744747.3,6512602867.0,1.2472515417976,3010.1004080109537,3200209755.0
2005,29490014.0,gaz,47459060744747.3,6512602867.0,1.2472515417976,2368.914340756335,3200209755.0
2005,29490014.0,Oil,47459060744747.3,6512602867.0,1.2472515417976,3931.403433986631,3200209755.0
2006,30568112.0,biomass,51442676003488.1,6593623202.0,1.24405459160634,271.87276047021066,3273026502.0
2006,30568112.0,wind,51442676003488.1,6593623202.0,1.24405459160634,132.85906792295887,3273026502.0
2006,30568112.0,solar,51442676003488.1,6593623202.0,1.24405459160634,5.732719865463706,3273026502.0
2006,30568112.0,renewable,51442676003488.1,6593623202.0,1.24405459160634,410.4645482586334,3273026502.0
2006,30568112.0,nuclear,51442676003488.1,6593623202.0,1.24405459160634,2803.5814512971324,3273026502.0
2006,30568112.0,hydro,51442676003488.1,6593623202.0,1.24405459160634,3026.5720967651055,3273026502.0
2006,30568112.0,coal,51442676003488.1,6593623202.0,1.24405459160634,3163.738343115575,3273026502.0
2006,30568112.0,gaz,51442676003488.1,6593623202.0,1.24405459160634,2449.3959301846708,3273026502.0
2006,30568112.0,Oil,51442676003488.1,6593623202.0,1.24405459160634,3965.2240410760955,3273026502.0
2007,31180501.0,biomass,57968741828029.4,6675130418.0,1.23615216555409,294.8394485490958,3346267002.0
2007,31180501.0,wind,57968741828029.4,6675130418.0,1.23615216555409,170.6825859480438,3346267002.0
2007,31180501.0,solar,57968741828029.4,6675130418.0,1.23615216555409,7.771912906194708,3346267002.0
2007,31180501.0,renewable,57968741828029.4,6675130418.0,1.23615216555409,473.2939474033343,3346267002.0
2007,31180501.0,nuclear,57968741828029.4,6675130418.0,1.23615216555409,2746.4390508981232,3346267002.0
2007,31180501.0,hydro,57968741828029.4,6675130418.0,1.23615216555409,3079.4350424798645,3346267002.0
2007,31180501.0,coal,57968741828029.4,6675130418.0,1.23615216555409,3301.8649403018794,3346267002.0
2007,31180501.0,gaz,57968741828029.4,6675130418.0,1.23615216555409,2512.257367510712,3346267002.0
2007,31180501.0,Oil,57968741828029.4,6675130418.0,1.23615216555409,3956.5565107555785,3346267002.0
2008,32181592.0,biomass,63616066492489.3,6757887172.0,1.23977733493925,315.0463315151609,3421841292.0
2008,32181592.0,wind,63616066492489.3,6757887172.0,1.23977733493925,220.57211934806432,3421841292.0
2008,32181592.0,solar,63616066492489.3,6757887172.0,1.23977733493925,12.622139558973458,3421841292.0
2008,32181592.0,renewable,63616066492489.3,6757887172.0,1.23977733493925,548.2405904221987,3421841292.0
2008,32181592.0,nuclear,63616066492489.3,6757887172.0,1.23977733493925,2737.860822085954,3421841292.0
2008,32181592.0,hydro,63616066492489.3,6757887172.0,1.23977733493925,3256.250266635252,3421841292.0
2008,32181592.0,coal,63616066492489.3,6757887172.0,1.23977733493925,3410.0025135043334,3421841292.0
2008,32181592.0,gaz,63616066492489.3,6757887172.0,1.23977733493925,2605.122611705633,3421841292.0
2008,32181592.0,Oil,63616066492489.3,6757887172.0,1.23977733493925,3998.6525124221703,3421841292.0
2009,31891899.0,biomass,60340071198873.6,6840591577.0,1.2238204470573402,339.41325901782903,3497913692.0
2009,31891899.0,wind,60340071198873.6,6840591577.0,1.2238204470573402,275.94929312563795,3497913692.0
2009,31891899.0,solar,60340071198873.6,6840591577.0,1.2238204470573402,20.965023475966,3497913692.0
2009,31891899.0,renewable,60340071198873.6,6840591577.0,1.2238204470573402,636.327575619433,3497913692.0
2009,31891899.0,nuclear,60340071198873.6,6840591577.0,1.2238204470573402,2699.2452419992132,3497913692.0
2009,31891899.0,hydro,60340071198873.6,6840591577.0,1.2238204470573402,3250.2031941442565,3497913692.0
2009,31891899.0,coal,60340071198873.6,6840591577.0,1.2238204470573402,3409.7867878885895,3497913692.0
2009,31891899.0,gaz,60340071198873.6,6840591577.0,1.2238204470573402,2526.7411444634654,3497913692.0
2009,31891899.0,Oil,60340071198873.6,6840591577.0,1.2238204470573402,3897.8168047597887,3497913692.0
2010,33472376.0,biomass,66036932045341.4,6922947261.0,1.20392634281666,378.8514791811845,3574434195.0
2010,33472376.0,wind,66036932045341.4,6922947261.0,1.20392634281666,341.614478368056,3574434195.0
2010,33472376.0,solar,66036932045341.4,6922947261.0,1.20392634281666,33.68315725517761,3574434195.0
2010,33472376.0,renewable,66036932045341.4,6922947261.0,1.20392634281666,754.1491148044182,3574434195.0
2010,33472376.0,nuclear,66036932045341.4,6922947261.0,1.20392634281666,2767.5078144624576,3574434195.0
2010,33472376.0,hydro,66036932045341.4,6922947261.0,1.20392634281666,3432.948977446895,3574434195.0
2010,33472376.0,coal,66036932045341.4,6922947261.0,1.20392634281666,3601.379439431387,3574434195.0
2010,33472376.0,gaz,66036932045341.4,6922947261.0,1.20392634281666,2709.370524965637,3574434195.0
2010,33472376.0,Oil,66036932045341.4,6922947261.0,1.20392634281666,3976.885379058914,3574434195.0
2011,34847501.0,biomass,73357420394392.0,7004011262.0,1.17094638950479,397.9084392407922,3648339756.0
2011,34847501.0,wind,73357420394392.0,7004011262.0,1.17094638950479,436.78640879645087,3648339756.0
2011,34847501.0,solar,73357420394392.0,7004011262.0,1.17094638950479,65.03586216820084,3648339756.0
2011,34847501.0,renewable,73357420394392.0,7004011262.0,1.17094638950479,899.7307102054441,3648339756.0
2011,34847501.0,nuclear,73357420394392.0,7004011262.0,1.17094638950479,2651.7716162632732,3648339756.0
2011,34847501.0,hydro,73357420394392.0,7004011262.0,1.17094638950479,3499.1995951451204,3648339756.0
2011,34847501.0,coal,73357420394392.0,7004011262.0,1.17094638950479,3866.476392761463,3648339756.0
2011,34847501.0,gaz,73357420394392.0,7004011262.0,1.17094638950479,2800.48702674208,3648339756.0
2011,34847501.0,Oil,73357420394392.0,7004011262.0,1.17094638950479,4008.0353110561714,3648339756.0
2012,35470891.0,biomass,75045654452275.2,7086993625.0,1.18478340333657,430.8496573789749,3723531164.0
2012,35470891.0,wind,75045654452275.2,7086993625.0,1.18478340333657,523.8093982790634,3723531164.0
2012,35470891.0,solar,75045654452275.2,7086993625.0,1.18478340333657,100.76443187870163,3723531164.0
2012,35470891.0,renewable,75045654452275.2,7086993625.0,1.18478340333657,1055.4234875367401,3723531164.0
2012,35470891.0,nuclear,75045654452275.2,7086993625.0,1.18478340333657,2472.448640286076,3723531164.0
2012,35470891.0,hydro,75045654452275.2,7086993625.0,1.18478340333657,3666.772983279648,3723531164.0
2012,35470891.0,coal,75045654452275.2,7086993625.0,1.18478340333657,3909.1423527761285,3723531164.0
2012,35470891.0,gaz,75045654452275.2,7086993625.0,1.18478340333657,2857.969234722257,3723531164.0
2012,35470891.0,Oil,75045654452275.2,7086993625.0,1.18478340333657,4120.291053934169,3723531164.0
2013,35837591.0,biomass,77189608277384.9,7170961674.0,1.18481902825192,464.0602092701422,3799949355.0
2013,35837591.0,wind,77189608277384.9,7170961674.0,1.18481902825192,645.3021853099538,3799949355.0
2013,35837591.0,solar,77189608277384.9,7170961674.0,1.18481902825192,139.05857121455284,3799949355.0
2013,35837591.0,renewable,77189608277384.9,7170961674.0,1.18481902825192,1248.4209657946478,3799949355.0
2013,35837591.0,nuclear,77189608277384.9,7170961674.0,1.18481902825192,2491.673600860905,3799949355.0
2013,35837591.0,hydro,77189608277384.9,7170961674.0,1.18481902825192,3793.2290447071873,3799949355.0
2013,35837591.0,coal,77189608277384.9,7170961674.0,1.18481902825192,3978.0352908932286,3799949355.0
2013,35837591.0,gaz,77189608277384.9,7170961674.0,1.18481902825192,2891.756610939624,3799949355.0
2013,35837591.0,Oil,77189608277384.9,7170961674.0,1.18481902825192,4128.50081807146,3799949355.0
2014,36138285.0,biomass,79296107902414.6,7255653881.0,1.18104392200382,502.15891907264063,3877658217.0
2014,36138285.0,wind,79296107902414.6,7255653881.0,1.18104392200382,712.0316971670599,3877658217.0
2014,36138285.0,solar,79296107902414.6,7255653881.0,1.18104392200382,197.91050837805102,3877658217.0
2014,36138285.0,renewable,79296107902414.6,7255653881.0,1.18104392200382,1412.1011246177513,3877658217.0
2014,36138285.0,nuclear,79296107902414.6,7255653881.0,1.18104392200382,2540.7525408796228,3877658217.0
2014,36138285.0,hydro,79296107902414.6,7255653881.0,1.18104392200382,3883.143442873298,3877658217.0
2014,36138285.0,coal,79296107902414.6,7255653881.0,1.18104392200382,3965.958617122504,3877658217.0
2014,36138285.0,gaz,79296107902414.6,7255653881.0,1.18104392200382,2950.1991752253825,3877658217.0
2014,36138285.0,Oil,79296107902414.6,7255653881.0,1.18104392200382,4223.17708116886,3877658217.0
2015,38749769.904296875,biomass,75003074210656.5,7340548192.0,1.17004356040616,536.4662441309196,3956546394.0
2015,38749769.904296875,wind,75003074210656.5,7340548192.0,1.17004356040616,831.3845071630337,3956546394.0
2015,38749769.904296875,solar,75003074210656.5,7340548192.0,1.17004356040616,260.7392187735252,3956546394.0
2015,38749769.904296875,renewable,75003074210656.5,7340548192.0,1.17004356040616,1628.589970067479,3956546394.0
2015,38749769.904296875,nuclear,75003074210656.5,7340548192.0,1.17004356040616,2575.5566035896063,3956546394.0
2015,38749769.904296875,hydro,75003074210656.5,7340548192.0,1.17004356040616,3884.4173571045953,3956546394.0
2015,38749769.904296875,coal,75003074210656.5,7340548192.0,1.17004356040616,3860.8504602083317,3956546394.0
2015,38749769.904296875,gaz,75003074210656.5,7340548192.0,1.17004356040616,3010.9100349626738,3956546394.0
2015,38749769.904296875,Oil,75003074210656.5,7340548192.0,1.17004356040616,4354.823310023972,3956546394.0
2016,40079719.529296875,biomass,76102831192800.1,7426103221.0,1.16551280316151,556.6233559346937,4036538900.0
2016,40079719.529296875,wind,76102831192800.1,7426103221.0,1.16551280316151,956.8735422049128,4036538900.0
2016,40079719.529296875,solar,76102831192800.1,7426103221.0,1.16551280316151,328.3781144657456,4036538900.0
2016,40079719.529296875,renewable,76102831192800.1,7426103221.0,1.16551280316151,1841.8750126053515,4036538900.0
2016,40079719.529296875,nuclear,76102831192800.1,7426103221.0,1.16551280316151,2615.2420389700783,4036538900.0
2016,40079719.529296875,hydro,76102831192800.1,7426103221.0,1.16551280316151,4017.743773213729,4036538900.0
2016,40079719.529296875,coal,76102831192800.1,7426103221.0,1.16551280316151,3660.8031928223736,4036538900.0
2016,40079719.529296875,gaz,76102831192800.1,7426103221.0,1.16551280316151,3045.305677583027,4036538900.0
2016,40079719.529296875,Oil,76102831192800.1,7426103221.0,1.16551280316151,4367.980220784145,4036538900.0
2017,41479480.08300781,biomass,80891341462319.1,7510990456.0,1.14309258131439,584.9758269564686,4116669665.0
2017,41479480.08300781,wind,80891341462319.1,7510990456.0,1.14309258131439,1127.9895865594092,4116669665.0
2017,41479480.08300781,solar,80891341462319.1,7510990456.0,1.14309258131439,453.51765745583276,4116669665.0
2017,41479480.08300781,renewable,80891341462319.1,7510990456.0,1.14309258131439,2166.483070971708,4116669665.0
2017,41479480.08300781,nuclear,80891341462319.1,7510990456.0,1.14309258131439,2638.982195327135,4116669665.0
2017,41479480.08300781,hydro,80891341462319.1,7510990456.0,1.14309258131439,4065.443127496832,4116669665.0
2017,41479480.08300781,coal,80891341462319.1,7510990456.0,1.14309258131439,3754.9895200354067,4116669665.0
2017,41479480.08300781,gaz,80891341462319.1,7510990456.0,1.14309258131439,3162.287106404813,4116669665.0
2017,41479480.08300781,Oil,80891341462319.1,7510990456.0,1.14309258131439,4379.862349730781,4116669665.0
2018,42951370.08300781,biomass,85804390603622.0,7594270356.0,1.1087738759336898,625.805361810136,4196356648.0
2018,42951370.08300781,wind,85804390603622.0,7594270356.0,1.1087738759336898,1269.9533747046175,4196356648.0
2018,42951370.08300781,solar,85804390603622.0,7594270356.0,1.1087738759336898,584.6309178408148,4196356648.0
2018,42951370.08300781,renewable,85804390603622.0,7594270356.0,1.1087738759336898,2480.3896543555666,4196356648.0
2018,42951370.08300781,nuclear,85804390603622.0,7594270356.0,1.1087738759336898,2701.4319987042218,4196356648.0
2018,42951370.08300781,hydro,85804390603622.0,7594270356.0,1.1087738759336898,4193.104151157986,4196356648.0
2018,42951370.08300781,coal,85804390603622.0,7594270356.0,1.1087738759336898,3916.7821102490348,4196356648.0
2018,42951370.08300781,gaz,85804390603622.0,7594270356.0,1.1087738759336898,3325.761769727648,4196356648.0
2018,42951370.08300781,Oil,85804390603622.0,7594270356.0,1.1087738759336898,4474.326494201825,4196356648.0
2019,44508870.31680694,biomass,88739938561382.19,7677030634.04425,1.0863377141844677,,4276683859.449229
2020,46813396.594319865,biomass,91967180065039.92,7759553770.907478,1.064450740038828,,4357916405.44053
2021,48404743.72442347,biomass,93913464476051.7,7841927659.121682,1.0410652103801108,,4440085353.028617
2022,50193208.004125394,biomass,95929049404065.3,7924354847.225561,1.0146723841797711,,4523180148.394133
2023,52035651.614766225,biomass,99345268595139.89,8007021270.591565,0.9885088681561915,,4607336576.616553
2024,54015689.4996677,biomass,103197263666162.38,8089840444.909688,0.9636856444978981,,4692426242.5368
2025,56226381.062120736,biomass,106429968259412.77,8172764556.854693,0.9381634455070261,,4778393920.274044
2026,58133478.17703653,biomass,109809351879376.95,8255762868.208224,0.911904460727761,,4865213094.993506
2027,60229912.64720255,biomass,113187757229709.58,8338799033.454112,0.8852045318326873,,4952905879.558884
2028,62370056.98173751,biomass,116336721589423.28,8421836546.723763,0.8584922050091603,,5041451433.8248625
2029,64614533.586369365,biomass,119798981074895.7,8504875616.389618,0.8315905860789599,,5130865114.277313
2030,66930371.07939595,biomass,123625178225202.75,8587920418.577775,0.8042557213322108,,5221153324.7955475
2031,69153993.27230905,biomass,127328154513587.75,8670976434.76529,0.7765778905871592,,5312324754.653552
2032,71519951.7877186,biomass,131035570900818.52,8754050124.542566,0.7486335512500971,,5404373940.51398
2033,73923296.21239024,biomass,134902705594289.14,8837148491.533129,0.7204335037774746,,5497303697.686751
2034,76401387.76849078,biomass,138750193489557.31,8920273667.873919,0.6919244083061777,,5591111612.795513
2035,78915587.81516483,biomass,142641736118732.62,9003426062.106064,0.6630959250973761,,5685797572.868277
2036,81431714.1384277,biomass,146727339813205.22,9086605115.388435,0.6339727934412299,,5781359525.895949
2037,84048476.39104906,biomass,150870997074864.88,9169809826.48573,0.6045607073242605,,5877798513.113566
2038,86702184.78056276,biomass,155021480538542.7,9253038930.161428,0.574852509292067,,5975114092.735166
2039,89415628.55389507,biomass,159279697815496.4,9336291748.68913,0.5448416825217701,,6073306788.315806
2040,92165035.56358577,biomass,163613180854381.94,9419567973.569477,0.5145312565162115,,6172376427.439344
2041,94952551.5709347,biomass,167980352132463.12,9502867568.473248,0.48392460402560067,,6272323428.631564
2042,97813901.4148377,biomass,172445924788283.28,9586190645.806417,0.45302065721259344,,6373147597.062428
2043,100715076.22956842,biomass,177004303411476.22,9669537410.872038,0.42181778459055175,,6474849029.108279
2044,103669971.7912494,biomass,181607363381954.56,9752908018.220667,0.3903158440299327,,6577427598.336811
2045,106666526.30757254,biomass,186282372245035.47,9836302563.61052,0.3585156280575798,,6680883366.241845
2046,109712501.44899434,biomass,191044121549423.6,9919721085.234015,0.326417220685928,,6785216251.264543
2047,112817959.84971023,biomass,195864872459155.66,10003163582.490294,0.29402018503372984,,6890426293.617157
2048,115966782.43514735,biomass,200754733839050.12,10086630028.09889,0.2613243266300672,,6996513468.157527
2049,119167185.42852871,biomass,205729495925439.66,10170120392.99126,0.22832972601243004,,7103477804.742182
2019,44508870.31680694,wind,88739938561382.19,7677030634.04425,1.0863377141844677,,4276683859.449229
2020,46813396.594319865,wind,91967180065039.92,7759553770.907478,1.064450740038828,,4357916405.44053
2021,48404743.72442347,wind,93913464476051.7,7841927659.121682,1.0410652103801108,,4440085353.028617
2022,50193208.004125394,wind,95929049404065.3,7924354847.225561,1.0146723841797711,,4523180148.394133
2023,52035651.614766225,wind,99345268595139.89,8007021270.591565,0.9885088681561915,,4607336576.616553
2024,54015689.4996677,wind,103197263666162.38,8089840444.909688,0.9636856444978981,,4692426242.5368
2025,56226381.062120736,wind,106429968259412.77,8172764556.854693,0.9381634455070261,,4778393920.274044
2026,58133478.17703653,wind,109809351879376.95,8255762868.208224,0.911904460727761,,4865213094.993506
2027,60229912.64720255,wind,113187757229709.58,8338799033.454112,0.8852045318326873,,4952905879.558884
2028,62370056.98173751,wind,116336721589423.28,8421836546.723763,0.8584922050091603,,5041451433.8248625
2029,64614533.586369365,wind,119798981074895.7,8504875616.389618,0.8315905860789599,,5130865114.277313
2030,66930371.07939595,wind,123625178225202.75,8587920418.577775,0.8042557213322108,,5221153324.7955475
2031,69153993.27230905,wind,127328154513587.75,8670976434.76529,0.7765778905871592,,5312324754.653552
2032,71519951.7877186,wind,131035570900818.52,8754050124.542566,0.7486335512500971,,5404373940.51398
2033,73923296.21239024,wind,134902705594289.14,8837148491.533129,0.7204335037774746,,5497303697.686751
2034,76401387.76849078,wind,138750193489557.31,8920273667.873919,0.6919244083061777,,5591111612.795513
2035,78915587.81516483,wind,142641736118732.62,9003426062.106064,0.6630959250973761,,5685797572.868277
2036,81431714.1384277,wind,146727339813205.22,9086605115.388435,0.6339727934412299,,5781359525.895949
2037,84048476.39104906,wind,150870997074864.88,9169809826.48573,0.6045607073242605,,5877798513.113566
2038,86702184.78056276,wind,155021480538542.7,9253038930.161428,0.574852509292067,,5975114092.735166
2039,89415628.55389507,wind,159279697815496.4,9336291748.68913,0.5448416825217701,,6073306788.315806
2040,92165035.56358577,wind,163613180854381.94,9419567973.569477,0.5145312565162115,,6172376427.439344
2041,94952551.5709347,wind,167980352132463.12,9502867568.473248,0.48392460402560067,,6272323428.631564
2042,97813901.4148377,wind,172445924788283.28,9586190645.806417,0.45302065721259344,,6373147597.062428
2043,100715076.22956842,wind,177004303411476.22,9669537410.872038,0.42181778459055175,,6474849029.108279
2044,103669971.7912494,wind,181607363381954.56,9752908018.220667,0.3903158440299327,,6577427598.336811
2045,106666526.30757254,wind,186282372245035.47,9836302563.61052,0.3585156280575798,,6680883366.241845
2046,109712501.44899434,wind,191044121549423.6,9919721085.234015,0.326417220685928,,6785216251.264543
2047,112817959.84971023,wind,195864872459155.66,10003163582.490294,0.29402018503372984,,6890426293.617157
2048,115966782.43514735,wind,200754733839050.12,10086630028.09889,0.2613243266300672,,6996513468.157527
2049,119167185.42852871,wind,205729495925439.66,10170120392.99126,0.22832972601243004,,7103477804.742182
2019,44508870.31680694,solar,88739938561382.19,7677030634.04425,1.0863377141844677,,4276683859.449229
2020,46813396.594319865,solar,91967180065039.92,7759553770.907478,1.064450740038828,,4357916405.44053
2021,48404743.72442347,solar,93913464476051.7,7841927659.121682,1.0410652103801108,,4440085353.028617
2022,50193208.004125394,solar,95929049404065.3,7924354847.225561,1.0146723841797711,,4523180148.394133
2023,52035651.614766225,solar,99345268595139.89,8007021270.591565,0.9885088681561915,,4607336576.616553
2024,54015689.4996677,solar,103197263666162.38,8089840444.909688,0.9636856444978981,,4692426242.5368
2025,56226381.062120736,solar,106429968259412.77,8172764556.854693,0.9381634455070261,,4778393920.274044
2026,58133478.17703653,solar,109809351879376.95,8255762868.208224,0.911904460727761,,4865213094.993506
2027,60229912.64720255,solar,113187757229709.58,8338799033.454112,0.8852045318326873,,4952905879.558884
2028,62370056.98173751,solar,116336721589423.28,8421836546.723763,0.8584922050091603,,5041451433.8248625
2029,64614533.586369365,solar,119798981074895.7,8504875616.389618,0.8315905860789599,,5130865114.277313
2030,66930371.07939595,solar,123625178225202.75,8587920418.577775,0.8042557213322108,,5221153324.7955475
2031,69153993.27230905,solar,127328154513587.75,8670976434.76529,0.7765778905871592,,5312324754.653552
2032,71519951.7877186,solar,131035570900818.52,8754050124.542566,0.7486335512500971,,5404373940.51398
2033,73923296.21239024,solar,134902705594289.14,8837148491.533129,0.7204335037774746,,5497303697.686751
2034,76401387.76849078,solar,138750193489557.31,8920273667.873919,0.6919244083061777,,5591111612.795513
2035,78915587.81516483,solar,142641736118732.62,9003426062.106064,0.6630959250973761,,5685797572.868277
2036,81431714.1384277,solar,146727339813205.22,9086605115.388435,0.6339727934412299,,5781359525.895949
2037,84048476.39104906,solar,150870997074864.88,9169809826.48573,0.6045607073242605,,5877798513.113566
2038,86702184.78056276,solar,155021480538542.7,9253038930.161428,0.574852509292067,,5975114092.735166
2039,89415628.55389507,solar,159279697815496.4,9336291748.68913,0.5448416825217701,,6073306788.315806
2040,92165035.56358577,solar,163613180854381.94,9419567973.569477,0.5145312565162115,,6172376427.439344
2041,94952551.5709347,solar,167980352132463.12,9502867568.473248,0.48392460402560067,,6272323428.631564
2042,97813901.4148377,solar,172445924788283.28,9586190645.806417,0.45302065721259344,,6373147597.062428
2043,100715076.22956842,solar,177004303411476.22,9669537410.872038,0.42181778459055175,,6474849029.108279
2044,103669971.7912494,solar,181607363381954.56,9752908018.220667,0.3903158440299327,,6577427598.336811
2045,106666526.30757254,solar,186282372245035.47,9836302563.61052,0.3585156280575798,,6680883366.241845
2046,109712501.44899434,solar,191044121549423.6,9919721085.234015,0.326417220685928,,6785216251.264543
2047,112817959.84971023,solar,195864872459155.66,10003163582.490294,0.29402018503372984,,6890426293.617157
2048,115966782.43514735,solar,200754733839050.12,10086630028.09889,0.2613243266300672,,6996513468.157527
2049,119167185.42852871,solar,205729495925439.66,10170120392.99126,0.22832972601243004,,7103477804.742182
2019,44508870.31680694,renewable,88739938561382.19,7677030634.04425,1.0863377141844677,,4276683859.449229
2020,46813396.594319865,renewable,91967180065039.92,7759553770.907478,1.064450740038828,,4357916405.44053
2021,48404743.72442347,renewable,93913464476051.7,7841927659.121682,1.0410652103801108,,4440085353.028617
2022,50193208.004125394,renewable,95929049404065.3,7924354847.225561,1.0146723841797711,,4523180148.394133
2023,52035651.614766225,renewable,99345268595139.89,8007021270.591565,0.9885088681561915,,4607336576.616553
2024,54015689.4996677,renewable,103197263666162.38,8089840444.909688,0.9636856444978981,,4692426242.5368
2025,56226381.062120736,renewable,106429968259412.77,8172764556.854693,0.9381634455070261,,4778393920.274044
2026,58133478.17703653,renewable,109809351879376.95,8255762868.208224,0.911904460727761,,4865213094.993506
2027,60229912.64720255,renewable,113187757229709.58,8338799033.454112,0.8852045318326873,,4952905879.558884
2028,62370056.98173751,renewable,116336721589423.28,8421836546.723763,0.8584922050091603,,5041451433.8248625
2029,64614533.586369365,renewable,119798981074895.7,8504875616.389618,0.8315905860789599,,5130865114.277313
2030,66930371.07939595,renewable,123625178225202.75,8587920418.577775,0.8042557213322108,,5221153324.7955475
2031,69153993.27230905,renewable,127328154513587.75,8670976434.76529,0.7765778905871592,,5312324754.653552
2032,71519951.7877186,renewable,131035570900818.52,8754050124.542566,0.7486335512500971,,5404373940.51398
2033,73923296.21239024,renewable,134902705594289.14,8837148491.533129,0.7204335037774746,,5497303697.686751
2034,76401387.76849078,renewable,138750193489557.31,8920273667.873919,0.6919244083061777,,5591111612.795513
2035,78915587.81516483,renewable,142641736118732.62,9003426062.106064,0.6630959250973761,,5685797572.868277
2036,81431714.1384277,renewable,146727339813205.22,9086605115.388435,0.6339727934412299,,5781359525.895949
2037,84048476.39104906,renewable,150870997074864.88,9169809826.48573,0.6045607073242605,,5877798513.113566
2038,86702184.78056276,renewable,155021480538542.7,9253038930.161428,0.574852509292067,,5975114092.735166
2039,89415628.55389507,renewable,159279697815496.4,9336291748.68913,0.5448416825217701,,6073306788.315806
2040,92165035.56358577,renewable,163613180854381.94,9419567973.569477,0.5145312565162115,,6172376427.439344
2041,94952551.5709347,renewable,167980352132463.12,9502867568.473248,0.48392460402560067,,6272323428.631564
2042,97813901.4148377,renewable,172445924788283.28,9586190645.806417,0.45302065721259344,,6373147597.062428
2043,100715076.22956842,renewable,177004303411476.22,9669537410.872038,0.42181778459055175,,6474849029.108279
2044,103669971.7912494,renewable,181607363381954.56,9752908018.220667,0.3903158440299327,,6577427598.336811
2045,106666526.30757254,renewable,186282372245035.47,9836302563.61052,0.3585156280575798,,6680883366.241845
2046,109712501.44899434,renewable,191044121549423.6,9919721085.234015,0.326417220685928,,6785216251.264543
2047,112817959.84971023,renewable,195864872459155.66,10003163582.490294,0.29402018503372984,,6890426293.617157
2048,115966782.43514735,renewable,200754733839050.12,10086630028.09889,0.2613243266300672,,6996513468.157527
2049,119167185.42852871,renewable,205729495925439.66,10170120392.99126,0.22832972601243004,,7103477804.742182
2019,44508870.31680694,nuclear,88739938561382.19,7677030634.04425,1.0863377141844677,,4276683859.449229
2020,46813396.594319865,nuclear,91967180065039.92,7759553770.907478,1.064450740038828,,4357916405.44053
2021,48404743.72442347,nuclear,93913464476051.7,7841927659.121682,1.0410652103801108,,4440085353.028617
2022,50193208.004125394,nuclear,95929049404065.3,7924354847.225561,1.0146723841797711,,4523180148.394133
2023,52035651.614766225,nuclear,99345268595139.89,8007021270.591565,0.9885088681561915,,4607336576.616553
2024,54015689.4996677,nuclear,103197263666162.38,8089840444.909688,0.9636856444978981,,4692426242.5368
2025,56226381.062120736,nuclear,106429968259412.77,8172764556.854693,0.9381634455070261,,4778393920.274044
2026,58133478.17703653,nuclear,109809351879376.95,8255762868.208224,0.911904460727761,,4865213094.993506
2027,60229912.64720255,nuclear,113187757229709.58,8338799033.454112,0.8852045318326873,,4952905879.558884
2028,62370056.98173751,nuclear,116336721589423.28,8421836546.723763,0.8584922050091603,,5041451433.8248625
2029,64614533.586369365,nuclear,119798981074895.7,8504875616.389618,0.8315905860789599,,5130865114.277313
2030,66930371.07939595,nuclear,123625178225202.75,8587920418.577775,0.8042557213322108,,5221153324.7955475
2031,69153993.27230905,nuclear,127328154513587.75,8670976434.76529,0.7765778905871592,,5312324754.653552
2032,71519951.7877186,nuclear,131035570900818.52,8754050124.542566,0.7486335512500971,,5404373940.51398
2033,73923296.21239024,nuclear,134902705594289.14,8837148491.533129,0.7204335037774746,,5497303697.686751
2034,76401387.76849078,nuclear,138750193489557.31,8920273667.873919,0.6919244083061777,,5591111612.795513
2035,78915587.81516483,nuclear,142641736118732.62,9003426062.106064,0.6630959250973761,,5685797572.868277
2036,81431714.1384277,nuclear,146727339813205.22,9086605115.388435,0.6339727934412299,,5781359525.895949
2037,84048476.39104906,nuclear,150870997074864.88,9169809826.48573,0.6045607073242605,,5877798513.113566
2038,86702184.78056276,nuclear,155021480538542.7,9253038930.161428,0.574852509292067,,5975114092.735166
2039,89415628.55389507,nuclear,159279697815496.4,9336291748.68913,0.5448416825217701,,6073306788.315806
2040,92165035.56358577,nuclear,163613180854381.94,9419567973.569477,0.5145312565162115,,6172376427.439344
2041,94952551.5709347,nuclear,167980352132463.12,9502867568.473248,0.48392460402560067,,6272323428.631564
2042,97813901.4148377,nuclear,172445924788283.28,9586190645.806417,0.45302065721259344,,6373147597.062428
2043,100715076.22956842,nuclear,177004303411476.22,9669537410.872038,0.42181778459055175,,6474849029.108279
2044,103669971.7912494,nuclear,181607363381954.56,9752908018.220667,0.3903158440299327,,6577427598.336811
2045,106666526.30757254,nuclear,186282372245035.47,9836302563.61052,0.3585156280575798,,6680883366.241845
2046,109712501.44899434,nuclear,191044121549423.6,9919721085.234015,0.326417220685928,,6785216251.264543
2047,112817959.84971023,nuclear,195864872459155.66,10003163582.490294,0.29402018503372984,,6890426293.617157
2048,115966782.43514735,nuclear,200754733839050.12,10086630028.09889,0.2613243266300672,,6996513468.157527
2049,119167185.42852871,nuclear,205729495925439.66,10170120392.99126,0.22832972601243004,,7103477804.742182
2019,44508870.31680694,hydro,88739938561382.19,7677030634.04425,1.0863377141844677,,4276683859.449229
2020,46813396.594319865,hydro,91967180065039.92,7759553770.907478,1.064450740038828,,4357916405.44053
2021,48404743.72442347,hydro,93913464476051.7,7841927659.121682,1.0410652103801108,,4440085353.028617
2022,50193208.004125394,hydro,95929049404065.3,7924354847.225561,1.0146723841797711,,4523180148.394133
2023,52035651.614766225,hydro,99345268595139.89,8007021270.591565,0.9885088681561915,,4607336576.616553
2024,54015689.4996677,hydro,103197263666162.38,8089840444.909688,0.9636856444978981,,4692426242.5368
2025,56226381.062120736,hydro,106429968259412.77,8172764556.854693,0.9381634455070261,,4778393920.274044
2026,58133478.17703653,hydro,109809351879376.95,8255762868.208224,0.911904460727761,,4865213094.993506
2027,60229912.64720255,hydro,113187757229709.58,8338799033.454112,0.8852045318326873,,4952905879.558884
2028,62370056.98173751,hydro,116336721589423.28,8421836546.723763,0.8584922050091603,,5041451433.8248625
2029,64614533.586369365,hydro,119798981074895.7,8504875616.389618,0.8315905860789599,,5130865114.277313
2030,66930371.07939595,hydro,123625178225202.75,8587920418.577775,0.8042557213322108,,5221153324.7955475
2031,69153993.27230905,hydro,127328154513587.75,8670976434.76529,0.7765778905871592,,5312324754.653552
2032,71519951.7877186,hydro,131035570900818.52,8754050124.542566,0.7486335512500971,,5404373940.51398
2033,73923296.21239024,hydro,134902705594289.14,8837148491.533129,0.7204335037774746,,5497303697.686751
2034,76401387.76849078,hydro,138750193489557.31,8920273667.873919,0.6919244083061777,,5591111612.795513
2035,78915587.81516483,hydro,142641736118732.62,9003426062.106064,0.6630959250973761,,5685797572.868277
2036,81431714.1384277,hydro,146727339813205.22,9086605115.388435,0.6339727934412299,,5781359525.895949
2037,84048476.39104906,hydro,150870997074864.88,9169809826.48573,0.6045607073242605,,5877798513.113566
2038,86702184.78056276,hydro,155021480538542.7,9253038930.161428,0.574852509292067,,5975114092.735166
2039,89415628.55389507,hydro,159279697815496.4,9336291748.68913,0.5448416825217701,,6073306788.315806
2040,92165035.56358577,hydro,163613180854381.94,9419567973.569477,0.5145312565162115,,6172376427.439344
2041,94952551.5709347,hydro,167980352132463.12,9502867568.473248,0.48392460402560067,,6272323428.631564
2042,97813901.4148377,hydro,172445924788283.28,9586190645.806417,0.45302065721259344,,6373147597.062428
2043,100715076.22956842,hydro,177004303411476.22,9669537410.872038,0.42181778459055175,,6474849029.108279
2044,103669971.7912494,hydro,181607363381954.56,9752908018.220667,0.3903158440299327,,6577427598.336811
2045,106666526.30757254,hydro,186282372245035.47,9836302563.61052,0.3585156280575798,,6680883366.241845
2046,109712501.44899434,hydro,191044121549423.6,9919721085.234015,0.326417220685928,,6785216251.264543
2047,112817959.84971023,hydro,195864872459155.66,10003163582.490294,0.29402018503372984,,6890426293.617157
2048,115966782.43514735,hydro,200754733839050.12,10086630028.09889,0.2613243266300672,,6996513468.157527
2049,119167185.42852871,hydro,205729495925439.66,10170120392.99126,0.22832972601243004,,7103477804.742182
2019,44508870.31680694,coal,88739938561382.19,7677030634.04425,1.0863377141844677,,4276683859.449229
2020,46813396.594319865,coal,91967180065039.92,7759553770.907478,1.064450740038828,,4357916405.44053
2021,48404743.72442347,coal,93913464476051.7,7841927659.121682,1.0410652103801108,,4440085353.028617
2022,50193208.004125394,coal,95929049404065.3,7924354847.225561,1.0146723841797711,,4523180148.394133
2023,52035651.614766225,coal,99345268595139.89,8007021270.591565,0.9885088681561915,,4607336576.616553
2024,54015689.4996677,coal,103197263666162.38,8089840444.909688,0.9636856444978981,,4692426242.5368
2025,56226381.062120736,coal,106429968259412.77,8172764556.854693,0.9381634455070261,,4778393920.274044
2026,58133478.17703653,coal,109809351879376.95,8255762868.208224,0.911904460727761,,4865213094.993506
2027,60229912.64720255,coal,113187757229709.58,8338799033.454112,0.8852045318326873,,4952905879.558884
2028,62370056.98173751,coal,116336721589423.28,8421836546.723763,0.8584922050091603,,5041451433.8248625
2029,64614533.586369365,coal,119798981074895.7,8504875616.389618,0.8315905860789599,,5130865114.277313
2030,66930371.07939595,coal,123625178225202.75,8587920418.577775,0.8042557213322108,,5221153324.7955475
2031,69153993.27230905,coal,127328154513587.75,8670976434.76529,0.7765778905871592,,5312324754.653552
2032,71519951.7877186,coal,131035570900818.52,8754050124.542566,0.7486335512500971,,5404373940.51398
2033,73923296.21239024,coal,134902705594289.14,8837148491.533129,0.7204335037774746,,5497303697.686751
2034,76401387.76849078,coal,138750193489557.31,8920273667.873919,0.6919244083061777,,5591111612.795513
2035,78915587.81516483,coal,142641736118732.62,9003426062.106064,0.6630959250973761,,5685797572.868277
2036,81431714.1384277,coal,146727339813205.22,9086605115.388435,0.6339727934412299,,5781359525.895949
2037,84048476.39104906,coal,150870997074864.88,9169809826.48573,0.6045607073242605,,5877798513.113566
2038,86702184.78056276,coal,155021480538542.7,9253038930.161428,0.574852509292067,,5975114092.735166
2039,89415628.55389507,coal,159279697815496.4,9336291748.68913,0.5448416825217701,,6073306788.315806
2040,92165035.56358577,coal,163613180854381.94,9419567973.569477,0.5145312565162115,,6172376427.439344
2041,94952551.5709347,coal,167980352132463.12,9502867568.473248,0.48392460402560067,,6272323428.631564
2042,97813901.4148377,coal,172445924788283.28,9586190645.806417,0.45302065721259344,,6373147597.062428
2043,100715076.22956842,coal,177004303411476.22,9669537410.872038,0.42181778459055175,,6474849029.108279
2044,103669971.7912494,coal,181607363381954.56,9752908018.220667,0.3903158440299327,,6577427598.336811
2045,106666526.30757254,coal,186282372245035.47,9836302563.61052,0.3585156280575798,,6680883366.241845
2046,109712501.44899434,coal,191044121549423.6,9919721085.234015,0.326417220685928,,6785216251.264543
2047,112817959.84971023,coal,195864872459155.66,10003163582.490294,0.29402018503372984,,6890426293.617157
2048,115966782.43514735,coal,200754733839050.12,10086630028.09889,0.2613243266300672,,6996513468.157527
2049,119167185.42852871,coal,205729495925439.66,10170120392.99126,0.22832972601243004,,7103477804.742182
2019,44508870.31680694,gaz,88739938561382.19,7677030634.04425,1.0863377141844677,,4276683859.449229
2020,46813396.594319865,gaz,91967180065039.92,7759553770.907478,1.064450740038828,,4357916405.44053
2021,48404743.72442347,gaz,93913464476051.7,7841927659.121682,1.0410652103801108,,4440085353.028617
2022,50193208.004125394,gaz,95929049404065.3,7924354847.225561,1.0146723841797711,,4523180148.394133
2023,52035651.614766225,gaz,99345268595139.89,8007021270.591565,0.9885088681561915,,4607336576.616553
2024,54015689.4996677,gaz,103197263666162.38,8089840444.909688,0.9636856444978981,,4692426242.5368
2025,56226381.062120736,gaz,106429968259412.77,8172764556.854693,0.9381634455070261,,4778393920.274044
2026,58133478.17703653,gaz,109809351879376.95,8255762868.208224,0.911904460727761,,4865213094.993506
2027,60229912.64720255,gaz,113187757229709.58,8338799033.454112,0.8852045318326873,,4952905879.558884
2028,62370056.98173751,gaz,116336721589423.28,8421836546.723763,0.8584922050091603,,5041451433.8248625
2029,64614533.586369365,gaz,119798981074895.7,8504875616.389618,0.8315905860789599,,5130865114.277313
2030,66930371.07939595,gaz,123625178225202.75,8587920418.577775,0.8042557213322108,,5221153324.7955475
2031,69153993.27230905,gaz,127328154513587.75,8670976434.76529,0.7765778905871592,,5312324754.653552
2032,71519951.7877186,gaz,131035570900818.52,8754050124.542566,0.7486335512500971,,5404373940.51398
2033,73923296.21239024,gaz,134902705594289.14,8837148491.533129,0.7204335037774746,,5497303697.686751
2034,76401387.76849078,gaz,138750193489557.31,8920273667.873919,0.6919244083061777,,5591111612.795513
2035,78915587.81516483,gaz,142641736118732.62,9003426062.106064,0.6630959250973761,,5685797572.868277
2036,81431714.1384277,gaz,146727339813205.22,9086605115.388435,0.6339727934412299,,5781359525.895949
2037,84048476.39104906,gaz,150870997074864.88,9169809826.48573,0.6045607073242605,,5877798513.113566
2038,86702184.78056276,gaz,155021480538542.7,9253038930.161428,0.574852509292067,,5975114092.735166
2039,89415628.55389507,gaz,159279697815496.4,9336291748.68913,0.5448416825217701,,6073306788.315806
2040,92165035.56358577,gaz,163613180854381.94,9419567973.569477,0.5145312565162115,,6172376427.439344
2041,94952551.5709347,gaz,167980352132463.12,9502867568.473248,0.48392460402560067,,6272323428.631564
2042,97813901.4148377,gaz,172445924788283.28,9586190645.806417,0.45302065721259344,,6373147597.062428
2043,100715076.22956842,gaz,177004303411476.22,9669537410.872038,0.42181778459055175,,6474849029.108279
2044,103669971.7912494,gaz,181607363381954.56,9752908018.220667,0.3903158440299327,,6577427598.336811
2045,106666526.30757254,gaz,186282372245035.47,9836302563.61052,0.3585156280575798,,6680883366.241845
2046,109712501.44899434,gaz,191044121549423.6,9919721085.234015,0.326417220685928,,6785216251.264543
2047,112817959.84971023,gaz,195864872459155.66,10003163582.490294,0.29402018503372984,,6890426293.617157
2048,115966782.43514735,gaz,200754733839050.12,10086630028.09889,0.2613243266300672,,6996513468.157527
2049,119167185.42852871,gaz,205729495925439.66,10170120392.99126,0.22832972601243004,,7103477804.742182
2019,44508870.31680694,Oil,88739938561382.19,7677030634.04425,1.0863377141844677,,4276683859.449229
2020,46813396.594319865,Oil,91967180065039.92,7759553770.907478,1.064450740038828,,4357916405.44053
2021,48404743.72442347,Oil,93913464476051.7,7841927659.121682,1.0410652103801108,,4440085353.028617
2022,50193208.004125394,Oil,95929049404065.3,7924354847.225561,1.0146723841797711,,4523180148.394133
2023,52035651.614766225,Oil,99345268595139.89,8007021270.591565,0.9885088681561915,,4607336576.616553
2024,54015689.4996677,Oil,103197263666162.38,8089840444.909688,0.9636856444978981,,4692426242.5368
2025,56226381.062120736,Oil,106429968259412.77,8172764556.854693,0.9381634455070261,,4778393920.274044
2026,58133478.17703653,Oil,109809351879376.95,8255762868.208224,0.911904460727761,,4865213094.993506
2027,60229912.64720255,Oil,113187757229709.58,8338799033.454112,0.8852045318326873,,4952905879.558884
2028,62370056.98173751,Oil,116336721589423.28,8421836546.723763,0.8584922050091603,,5041451433.8248625
2029,64614533.586369365,Oil,119798981074895.7,8504875616.389618,0.8315905860789599,,5130865114.277313
2030,66930371.07939595,Oil,123625178225202.75,8587920418.577775,0.8042557213322108,,5221153324.7955475
2031,69153993.27230905,Oil,127328154513587.75,8670976434.76529,0.7765778905871592,,5312324754.653552
2032,71519951.7877186,Oil,131035570900818.52,8754050124.542566,0.7486335512500971,,5404373940.51398
2033,73923296.21239024,Oil,134902705594289.14,8837148491.533129,0.7204335037774746,,5497303697.686751
2034,76401387.76849078,Oil,138750193489557.31,8920273667.873919,0.6919244083061777,,5591111612.795513
2035,78915587.81516483,Oil,142641736118732.62,9003426062.106064,0.6630959250973761,,5685797572.868277
2036,81431714.1384277,Oil,146727339813205.22,9086605115.388435,0.6339727934412299,,5781359525.895949
2037,84048476.39104906,Oil,150870997074864.88,9169809826.48573,0.6045607073242605,,5877798513.113566
2038,86702184.78056276,Oil,155021480538542.7,9253038930.161428,0.574852509292067,,5975114092.735166
2039,89415628.55389507,Oil,159279697815496.4,9336291748.68913,0.5448416825217701,,6073306788.315806
2040,92165035.56358577,Oil,163613180854381.94,9419567973.569477,0.5145312565162115,,6172376427.439344
2041,94952551.5709347,Oil,167980352132463.12,9502867568.473248,0.48392460402560067,,6272323428.631564
2042,97813901.4148377,Oil,172445924788283.28,9586190645.806417,0.45302065721259344,,6373147597.062428
2043,100715076.22956842,Oil,177004303411476.22,9669537410.872038,0.42181778459055175,,6474849029.108279
2044,103669971.7912494,Oil,181607363381954.56,9752908018.220667,0.3903158440299327,,6577427598.336811
2045,106666526.30757254,Oil,186282372245035.47,9836302563.61052,0.3585156280575798,,6680883366.241845
2046,109712501.44899434,Oil,191044121549423.6,9919721085.234015,0.326417220685928,,6785216251.264543
2047,112817959.84971023,Oil,195864872459155.66,10003163582.490294,0.29402018503372984,,6890426293.617157
2048,115966782.43514735,Oil,200754733839050.12,10086630028.09889,0.2613243266300672,,6996513468.157527
2049,119167185.42852871,Oil,205729495925439.66,10170120392.99126,0.22832972601243004,,7103477804.742182
